10001,20,1244,21,60,119,4
10345,16,436,93,88,190,8
12720,11,418,79,5,133,1
14554,7,1170,08,78,94,7
12932,0,598,77,93,11,8
13064,14,85,17,41,17,6
10530,8,788,62,33,15,7
13339,17,433,63,56,44,2
11209,1,658,54,83,79,2
11592,7,773,03,92,110,8
10533,8,371,12,15,7,1
13982,16,117,37,28,140,7
10250,18,1153,35,37,86,2
12593,5,470,2,18,39,10
14850,14,291,21,43,47,3
10281,5,36,94,77,145,3
13131,9,64,68,3,137,5
12287,7,656,22,87,68,9
10911,20,688,7,90,199,4
13095,2,1133,91,51,139,7
11051,9,964,01,69,166,5
12452,19,27,99,56,179,10
13649,15,366,87,95,134,4
11047,2,451,3,50,178,6
11589,10,1145,34,8,85,8
14637,3,752,57,98,2,4
12662,8,536,61,22,185,10
10845,10,528,28,33,67,7
12362,14,1036,16,32,128,8
11795,9,855,19,95,172,5
10494,1,433,52,5,143,4
10330,5,948,56,100,134,9
11596,10,665,3,98,161,7
11080,12,807,28,43,152,4
14214,11,26,14,88,109,9
10771,16,55,33,93,97,1
13187,18,906,59,11,143,8
11888,5,509,28,3,5,8
12340,17,241,69,94,114,8
10381,13,122,57,57,108,8
14127,6,109,78,56,150,7
12710,1,341,91,19,25,4
12873,14,22,51,22,188,10
11690,18,69,49,1,193,7
11334,7,1145,36,14,88,9
14956,5,945,83,74,10,9
12916,20,22,62,90,22,6
13630,10,56,65,85,144,6
13791,9,999,48,89,25,1
12042,15,74,58,84,97,6
10912,9,1073,41,57,71,2
13384,14,577,84,16,96,5
13542,1,626,31,27,93,2
10263,3,1118,15,53,175,5
13312,7,73,5,51,148,2
12004,12,140,64,37,149,10
10659,16,929,01,52,97,3
13479,18,129,4,12,162,4
11232,12,808,88,31,169,10
12630,4,968,1,27,191,3
12114,17,64,3,55,27,7
13034,0,772,63,20,131,7
14595,12,909,58,95,8,9
11203,18,357,81,54,156,7
14594,16,1083,63,99,89,3
10439,11,928,73,29,35,5
14025,10,400,29,5,186,1
13037,0,517,71,95,142,8
12138,9,145,48,53,152,8
11025,2,99,68,38,176,2
10763,10,921,7,18,164,10
12580,1,267,41,82,116,5
14013,18,705,51,51,152,6
13336,11,477,56,37,34,2
10465,6,74,45,16,98,9
12728,13,1176,54,79,176,8
12479,16,1165,41,64,182,4
13955,5,443,12,4,191,4
11705,15,1065,52,10,130,9
13951,2,864,27,58,126,5
11773,16,304,12,100,75,1
11059,2,36,17,31,159,3
12200,4,874,24,30,146,4
12166,17,438,35,90,42,3
11367,1,1230,27,29,10,7
11269,11,556,34,86,5,5
13357,0,317,92,57,53,8
12993,1,276,72,36,116,4
11646,0,139,03,35,148,9
10233,7,375,14,9,70,10
11555,1,375,11,7,117,6
13324,16,254,14,8,173,9
11183,13,924,67,91,163,1
12192,1,535,46,2,138,3
11192,19,517,83,9,8,10
11894,10,614,66,35,113,1
12010,10,993,26,50,103,8
13088,2,350,1,84,152,6
13466,6,625,24,25,96,2
13452,6,708,98,22,104,5
12439,6,533,11,43,19,10
11085,4,52,32,80,70,10
12162,9,1142,91,81,13,10
10173,15,757,07,7,130,6
14879,13,585,87,62,164,1
12271,0,379,69,43,139,4
11200,19,1131,65,21,152,4
10540,9,990,72,11,23,4
12669,18,240,1,100,5
10788,18,330,52,84,7,7
13389,14,1087,01,85,164,8
14146,6,983,72,25,165,5
12805,11,56,41,90,7,8
14638,7,1069,89,64,142,10
14177,20,186,45,89,98,6
12994,12,548,48,53,169,1
10328,13,895,23,64,23,1
12683,14,885,37,92,186,2
10428,15,576,06,53,176,7
12349,13,417,46,16,59,10
11510,5,608,58,47,185,8
10957,15,663,89,18,91,9
10072,0,126,18,79,53,1
11440,12,375,17,98,125,6
10950,0,257,22,76,141,3
14771,4,210,45,19,192,8
11242,15,730,21,86,152,6
12360,14,1032,91,9,113,9
14232,10,726,45,40,131,5
12684,3,681,93,61,84,2
10566,11,1240,82,19,197,7
13190,15,265,21,87,186,1
11937,19,481,39,21,181,4
14376,15,512,11,15,175,9
11694,12,408,68,4,131,10
11782,15,1126,72,8,73,7
10035,6,531,07,43,187,3
11782,16,523,71,21,19,9
14476,5,882,94,10,106,2
12277,4,1002,38,76,18,9
10359,7,49,08,6,154,4
14256,12,497,44,2,164,1
13471,10,668,12,71,195,2
11575,7,982,64,25,77,8
13263,4,899,29,87,8,8
11771,7,933,52,42,148,2
13078,5,444,28,87,101,5
11891,0,322,39,64,24,1
11409,5,139,79,48,93,1
10368,9,603,5,96,94,10
13514,19,61,75,19,192,5
11688,13,685,89,37,61,10
11393,5,567,05,30,157,6
11600,1,289,26,16,117,10
11175,19,35,81,90,25,7
13724,0,276,71,10,98,2
13113,3,212,75,80,149,9
10893,3,292,6,52,32,2
12471,20,244,26,25,6,4
11332,10,524,31,36,170,2
12548,2,67,69,27,30,6
10110,1,301,79,25,40,6
10823,4,763,93,14,131,4
13446,0,1145,96,44,13,1
14733,7,709,83,56,169,3
11618,11,713,65,58,142,4
10544,10,593,88,12,156,2
14270,7,174,78,26,145,5
14917,9,15,36,15,11,4
11840,16,1210,56,54,24,1
11563,12,802,72,45,157,5
13607,17,1220,8,17,154,1
13715,13,743,02,38,177,2
12029,10,775,9,44,159,6
10694,14,272,68,27,138,8
12832,18,598,57,87,120,10
13269,13,1244,89,43,21,2
14548,17,1017,61,71,135,4
10942,13,398,74,13,142,8
10726,14,374,12,38,22,8
14562,20,983,2,50,192,10
12466,0,201,24,32,106,2
10420,14,314,83,51,144,2
14115,4,715,62,84,181,3
10186,20,167,85,18,147,4
11734,10,363,59,16,103,9
11442,16,530,85,91,191,7
12243,4,846,84,68,178,8
14095,14,1085,17,13,54,10
13607,20,285,89,52,103,3
11565,7,810,11,71,42,4
11080,17,264,01,18,23,3
11976,3,864,08,92,163,1
12947,3,1065,86,86,162,3
11483,18,179,17,19,27,8
13121,3,421,63,49,23,7
14106,10,1034,8,86,52,9
14987,4,600,81,5,73,4
11263,5,770,94,16,90,8
12066,2,487,59,46,109,2
12056,16,66,52,7,127,7
13695,2,274,92,36,114,10
13942,18,114,68,95,149,10
12285,8,99,5,37,175,7
12591,0,544,98,58,176,6
10377,4,268,19,48,183,7
12910,17,583,4,31,38,8
12529,9,104,41,40,107,8
11526,14,1035,43,30,161,10
14354,1,425,86,44,124,4
10622,12,1035,88,99,4,6
14400,4,281,24,26,182,8
14528,2,816,34,67,73,1
12686,18,673,35,47,2,8
14477,11,801,03,82,131,2
14365,14,662,32,31,13,7
13133,17,432,34,25,70,8
11359,2,111,94,21,75,8
14213,11,1091,78,78,9,6
10807,14,728,28,21,145,5
12621,1,364,81,22,39,4
11954,5,764,93,53,175,2
12902,13,234,3,51,112,8
10962,3,476,11,74,39,1
13751,17,854,48,5,18,10
14669,4,125,18,81,45,9
12201,1,492,37,98,87,4
11097,7,190,42,57,40,6
13841,17,1124,94,35,71,7
10141,1,360,08,66,12,5
10433,20,1014,46,70,23,5
12502,1,415,62,99,183,9
12634,19,50,06,50,63,3
14254,16,1155,96,95,67,10
12760,15,464,41,30,121,1
12847,20,171,12,89,130,2
14376,4,607,22,6,185,3
10518,1,1146,61,78,12,5
12173,12,927,57,36,13,5
10210,8,1040,27,99,67,3
13891,18,1059,81,81,57,5
12089,8,828,96,55,70,4
14427,4,146,97,52,10,8
12652,1,805,51,24,178,5
14327,6,1240,13,22,1,7
11217,13,1051,23,29,161,3
11714,17,990,92,95,35,9
11583,8,1171,29,84,159,2
10723,1,1240,91,67,167,9
10003,1,576,34,22,199,3
10537,10,540,55,55,188,9
10386,10,360,92,37,186,2
10547,2,916,2,84,138,4
10390,13,1187,84,33,23,2
13590,14,620,51,20,19,1
10826,11,941,68,73,187,10
11116,13,847,44,44,154,4
12344,10,461,39,52,20,3
13576,18,827,91,27,111,10
13765,6,381,87,56,95,5
12156,9,370,74,19,85,7
10057,10,436,14,10,52,3
12861,7,1064,2,92,169,9
11662,6,1168,77,31,180,10
12878,10,227,92,85,80,3
11514,18,867,88,94,80,7
10909,11,466,62,12,175,10
14539,6,666,55,40,146,4
11673,2,567,79,62,15,3
11275,13,684,77,92,42,9
14220,8,99,13,31,75,7
11265,11,868,95,50,53,6
10799,7,15,78,44,111,4
12630,18,424,1,87,9
11163,13,876,64,30,160,8
13466,0,729,01,11,153,10
14467,19,702,25,34,0,9
11566,1,528,09,71,153,9
13928,17,615,88,53,104,7
12008,7,492,89,96,194,2
11742,10,1072,41,27,21,1
11715,1,273,93,47,8,2
12230,9,1010,9,48,12,5
13966,7,288,71,23,200,7
14342,15,324,65,22,13,6
12233,11,697,87,80,4,8
10332,5,550,93,37,134,8
14114,0,803,71,60,167,9
11441,9,336,82,14,50,10
12811,9,906,5,29,20,8
12943,12,1236,29,14,115,3
13578,5,547,08,71,110,5
12772,1,1202,86,82,134,5
12709,4,943,9,64,96,5
12984,4,281,92,65,41,9
10644,18,58,41,83,117,4
14522,18,131,19,46,31,8
13219,17,918,02,46,1,10
13432,2,1191,5,73,77,10
12113,13,524,4,77,123,2
11161,14,1184,55,28,94,1
13770,13,709,92,79,64,6
10921,5,855,92,83,190,8
11961,10,864,54,52,22,9
14742,1,873,93,21,48,6
14468,14,202,83,66,192,10
10961,17,173,33,24,142,9
11642,9,452,13,47,95,1
12748,17,940,28,24,146,2
12055,3,398,46,26,92,3
13387,0,835,38,41,177,10
12479,5,1136,08,6,43,1
10044,18,51,42,64,110,8
10803,14,307,57,27,41,4
13626,11,1085,77,10,13,1
12085,19,28,3,48,113,7
10512,9,937,71,51,115,4
12252,7,129,7,76,107,2
11248,12,1002,49,43,105,3
13713,8,273,64,100,24,5
10756,12,435,83,25,24,7
15000,3,1034,55,60,177,5
10015,8,666,25,94,168,8
11327,10,944,6,14,16,2
13986,3,540,09,3,51,2
13925,5,1155,78,44,186,8
10614,16,784,55,34,91,9
11319,5,314,91,58,149,10
11217,13,125,63,50,23,7
12934,15,506,6,84,17,10
10053,15,614,65,5,68,4
14619,2,642,56,31,147,8
12954,17,238,34,19,147,9
11509,6,227,59,18,4,3
13986,19,685,07,81,15,5
11956,1,1218,45,91,75,9
13088,20,1025,8,54,122,3
14194,16,15,42,44,117,7
14700,19,729,84,41,68,6
11843,12,1031,12,12,190,8
10903,2,833,94,48,47,5
14929,0,121,21,94,72,4
12188,0,467,58,68,198,7
10372,5,247,92,87,5,6
12006,16,49,79,5,144,3
10218,4,640,78,3,179,10
12459,1,357,1,92,26,6
12552,20,88,91,10,144,1
13298,15,657,65,33,27,4
10552,18,593,25,100,182,5
10676,9,1090,9,64,127,4
10139,2,373,93,24,36,2
12349,17,589,11,63,52,8
11776,4,796,68,32,198,5
11867,1,329,91,88,34,7
14405,2,1111,78,24,112,3
10091,15,1080,73,80,86,1
12229,9,785,34,85,121,2
14196,3,982,95,28,59,1
13993,11,317,03,26,153,4
12318,6,910,63,85,107,5
10529,14,394,25,100,30,6
11099,1,85,52,75,132,3
12858,14,957,54,83,105,5
10095,9,66,31,72,48,7
13258,15,998,31,58,132,10
13639,7,243,76,17,58,3
11098,3,647,82,75,182,2
13977,5,716,66,2,167,10
14677,19,736,72,70,164,8
10003,13,360,34,88,23,1
14094,1,1128,94,75,83,4
12485,0,21,15,48,138,1
12510,5,593,39,90,7,10
12075,18,623,23,91,37,8
12148,10,34,79,8,113,1
11185,3,353,73,40,58,7
10010,11,766,56,1,13,9
13478,13,65,95,87,191,3
12760,4,777,94,54,121,10
12260,1,739,46,46,41,2
12173,8,330,65,37,141,7
13483,13,714,54,89,1,3
14982,2,30,91,59,6,4
10548,6,230,15,35,43,3
11967,2,156,3,97,18,3
13341,4,456,86,95,116,2
14880,2,204,64,44,88,6
13173,2,549,68,69,34,5
14758,10,490,4,96,31,2
11979,8,602,54,82,143,8
13123,1,579,71,80,163,6
12909,6,371,03,2,112,5
11375,15,834,92,48,66,6
12613,18,855,26,83,71,1
14171,11,91,45,15,37,3
11208,14,451,8,36,141,7
14002,10,345,7,61,163,9
13469,14,199,19,38,51,6
11346,16,212,14,95,200,3
13701,14,777,27,70,185,6
14443,4,432,78,49,138,8
11869,1,170,09,27,21,9
13034,8,551,89,62,191,4
12703,18,112,07,30,199,10
13953,8,228,82,85,5,4
12324,10,1097,29,96,89,1
11650,9,600,31,88,81,3
14280,12,560,03,92,163,8
14288,14,559,79,67,150,3
10640,9,899,6,54,117,4
10053,17,581,04,93,98,1
12003,4,217,38,42,89,9
13558,13,565,71,51,13,8
14499,1,1101,36,43,40,3
14976,12,1021,15,31,65,6
13089,12,623,32,35,54,5
10152,17,501,12,93,136,7
14922,19,302,17,81,5,5
10744,15,1131,23,31,83,5
14525,9,258,59,88,153,10
14413,17,1107,56,1,53,4
13755,10,1063,78,29,168,9
11690,1,100,72,70,105,8
11519,20,507,87,39,45,1
11901,4,645,02,4,154,6
11198,1,816,97,40,178,2
13282,16,512,64,53,7,7
13907,8,788,93,27,186,8
10080,1,538,05,92,112,6
12407,6,784,04,55,69,3
12997,19,1029,59,79,75,4
11073,19,1139,31,39,24,4
11944,5,876,18,37,131,10
11931,18,378,9,69,30,4
14225,6,54,25,19,193,5
11863,13,355,85,18,85,9
14176,8,155,62,70,174,6
14258,13,1181,1,71,175,4
11914,13,369,95,96,101,6
12389,3,439,84,17,89,7
12856,18,1114,75,63,78,8
11453,0,1192,88,78,105,8
10720,12,501,05,52,104,4
12358,6,947,48,7,156,9
10293,19,1096,42,20,123,2
13698,14,700,07,23,51,10
14374,11,810,51,84,186,1
11358,4,1073,94,82,121,7
11525,17,1024,36,24,61,1
10432,20,430,83,36,61,2
11782,12,751,82,74,194,3
11355,19,220,92,26,28,3
11129,5,18,05,42,31,7
14735,1,537,1,5,185,1
12629,12,553,64,60,158,3
14285,1,78,08,92,141,4
11390,16,919,92,43,40,2
11561,20,155,83,2,48,8
13539,10,940,35,79,117,5
14449,11,390,95,6,39,8
11144,12,892,57,6,84,3
11811,18,900,89,41,110,3
13934,3,698,14,34,74,7
11967,1,233,08,75,195,5
13646,15,506,9,93,19,9
14227,20,138,65,18,140,8
11671,4,559,09,78,147,1
12757,12,410,9,3,14,7
10607,0,822,92,20,161,4
11123,14,506,91,63,63,6
12912,11,1036,11,34,22,2
12722,8,246,82,92,66,8
10367,10,403,94,97,40,2
10345,7,316,55,56,167,9
10900,6,156,71,90,153,7
12103,6,267,22,20,57,9
10449,6,1156,06,33,24,5
10172,7,410,11,12,172,4
12238,16,1177,05,77,90,9
12056,1,1133,36,84,82,8
12495,17,44,19,26,131,10
10658,19,934,26,23,5,5
13341,8,486,93,48,193,2
12129,5,574,77,4,45,6
11319,3,1045,37,23,95,5
14913,8,406,71,25,181,5
10418,3,885,1,6,173,9
12339,10,136,98,26,43,5
10213,19,561,24,58,99,6
13922,5,1201,5,74,175,7
14807,15,741,14,82,78,2
13441,20,750,68,3,161,3
12758,20,118,67,33,146,6
14688,9,658,12,45,155,3
14431,19,784,29,61,136,5
11981,9,379,75,64,21,9
13011,0,728,36,88,96,9
10296,17,763,58,80,103,3
14440,4,975,88,81,129,7
14327,1,414,02,85,0,9
10111,7,1121,22,8,120,6
14454,4,845,07,17,6,7
13380,15,1155,75,74,151,8
11749,15,902,24,3,112,6
12329,12,504,31,55,162,7
10510,17,1189,55,25,109,10
13266,2,1229,05,50,179,7
14889,8,331,72,51,87,3
13561,8,507,87,10,77,2
14155,10,717,5,54,156,7
10276,15,888,72,63,37,8
13612,12,533,89,13,35,8
11842,6,228,97,97,96,1
10406,4,1048,79,50,3,10
14704,7,752,22,4,90,3
11318,10,1021,09,39,108,10
12633,16,703,53,45,124,1
14500,14,1244,79,67,12,6
11691,0,1123,43,24,12,8
11236,4,70,65,15,162,9
10210,6,576,49,24,53,2
12546,10,119,09,79,82,10
14327,5,268,96,43,180,8
12371,7,1219,97,34,74,4
10856,7,537,62,9,108,9
11453,12,371,73,45,67,10
13277,17,622,39,94,50,3
13288,5,178,06,3,45,4
10297,0,1153,27,45,79,4
11003,8,763,54,26,59,2
10934,0,1161,12,39,76,7
12425,12,416,89,36,189,3
12986,7,688,92,6,39,6
12092,12,1217,97,80,32,1
11659,20,956,64,67,83,2
13627,19,353,59,80,56,9
14963,3,619,31,6,67,8
14586,17,491,63,37,169,6
14586,3,1209,58,95,157,4
10296,0,566,69,8,7,5
14713,13,408,51,50,155,6
13172,20,1047,88,2,195,2
10702,17,846,7,25,107,6
14464,9,688,83,59,82,3
14417,2,47,89,80,52,7
14402,20,586,74,8,166,10
12866,11,1095,71,62,184,8
14759,3,982,34,35,182,3
14948,0,483,43,86,51,3
14866,19,1191,85,68,1,6
14317,8,440,95,19,22,2
14285,8,823,95,43,168,9
11147,7,1095,44,40,51,2
13928,18,1158,71,93,38,5
13551,8,319,31,74,166,10
14213,4,955,47,74,83,7
10902,18,727,76,88,151,9
14744,3,824,87,11,11,7
11935,13,1051,71,20,152,5
13131,10,265,44,9,172,10
10967,14,465,40,75,7
13209,3,1080,17,38,180,6
14340,9,945,01,75,170,9
13514,0,367,56,8,119,4
12394,7,688,44,41,196,10
12401,2,684,95,7,97,1
12662,11,318,46,78,159,6
13317,11,47,03,65,170,9
12115,12,38,46,99,128,7
14622,14,871,82,90,90,7
14418,16,1120,04,78,52,8
10517,6,985,83,32,61,1
12604,4,680,19,32,144,5
12262,4,932,1,66,91,10
11965,4,662,92,79,1,10
12975,2,1133,69,17,175,7
14478,9,560,34,99,47,4
12408,1,117,42,70,154,7
13220,3,456,05,64,195,10
11881,11,64,86,50,41,7
12374,14,841,68,81,158,9
13287,9,306,68,27,191,10
10559,14,490,09,37,172,7
14993,20,854,85,46,138,7
11900,2,246,53,75,173,5
12920,11,276,26,12,145,4
12771,20,838,7,50,103,5
12965,9,1042,63,62,40,5
10194,7,380,43,6,179,10
12870,16,625,32,13,72,6
11500,3,1185,63,79,3,3
14059,13,128,97,46,58,4
10750,12,429,81,138,7
12652,0,1124,25,45,62,5
10527,20,339,43,100,103,1
12336,6,1012,78,12,113,8
14918,9,908,17,58,47,10
13257,12,1069,64,27,78,6
14910,8,411,87,85,167,10
13025,17,427,57,3,88,10
12713,11,1101,44,22,127,5
13262,14,387,12,91,124,7
10009,11,28,46,17,45,4
10163,3,876,03,18,78,8
12807,6,460,99,60,5,4
12238,13,937,03,100,60,5
14283,0,124,98,83,137,7
14833,8,85,15,9,142,3
14666,1,819,23,51,54,6
10442,5,208,84,96,157,6
11542,16,432,03,9,114,4
10258,1,793,61,84,123,6
12394,5,555,74,30,98,5
14589,3,214,99,65,38,7
12496,14,943,44,18,89,7
13162,19,486,46,5,175,4
10964,8,941,4,82,10,4
10774,11,672,67,49,67,7
12559,2,768,63,95,45,2
10237,9,118,97,71,103,4
14875,13,184,7,100,70,3
12237,0,773,05,79,91,1
10768,17,1134,02,59,7,9
14269,16,459,03,8,26,8
14473,17,744,54,51,151,7
13142,18,1121,06,39,176,6
12625,20,1071,04,34,185,10
11910,13,633,8,63,3,1
11760,14,264,17,44,180,8
13348,0,464,8,22,161,7
10291,3,708,84,56,165,6
12400,17,358,34,1,35,7
12263,19,938,99,22,200,7
13818,7,406,73,2,158,10
12579,14,1006,53,52,101,10
13520,11,1082,78,88,185,3
12219,1,654,97,76,137,6
10148,16,322,42,90,142,7
12185,15,135,07,5,18,10
11892,3,447,23,78,194,9
11796,0,493,53,26,172,1
10120,15,993,47,10,119,3
13143,19,626,44,51,157,4
13615,17,365,13,31,121,6
14575,9,787,44,38,32,1
13017,2,932,22,94,161,6
10506,16,486,9,85,156,4
13480,18,1000,94,10,193,4
12286,2,1210,67,97,71,8
12041,6,495,86,3,79,3
14922,19,766,5,64,182,8
12120,2,468,87,73,55,3
13253,14,971,32,55,73,6
10058,1,896,13,5,175,1
12702,8,148,14,18,163,3
10992,4,962,89,4,133,10
10999,8,322,88,25,120,2
12697,14,864,29,67,120,6
11408,10,16,42,21,52,10
13273,20,103,48,99,146,8
10963,6,957,09,88,7,6
10451,18,889,2,5,6,2
12697,8,442,31,74,42,6
12975,8,238,85,91,81,10
14877,7,732,06,2,70,3
11053,4,116,15,100,145,7
11587,18,1070,93,35,91,7
11647,0,910,98,7,123,1
13806,18,414,39,14,72,3
12944,12,566,05,2,151,10
12528,11,903,78,79,30,6
12924,12,54,99,65,32,1
14269,7,553,13,33,187,8
11903,1,759,81,78,112,7
10322,20,426,45,30,97,1
10158,6,272,84,42,81,6
12989,16,156,01,79,138,2
14792,20,333,68,30,123,9
13959,18,1063,7,55,125,10
13641,4,323,35,18,181,3
14464,6,1173,87,29,45,2
14599,11,893,95,97,15,5
14642,16,62,39,34,147,6
13056,5,850,62,24,44,2
14292,12,151,11,91,110,5
12798,18,729,66,88,4,9
13203,6,431,8,56,91,5
10455,2,455,65,30,127,8
11236,4,811,48,15,123,6
10515,15,868,37,75,173,7
11299,20,826,81,53,169,6
14589,18,965,06,45,53,2
14833,0,271,01,69,81,5
13643,2,428,58,59,181,1
14833,14,820,22,77,181,8
10387,9,232,93,16,170,10
11465,2,238,66,52,153,2
14359,7,1192,94,79,102,7
14155,19,434,21,36,132,1
13406,13,1201,22,20,192,9
11255,9,639,21,39,28,6
13556,20,751,31,87,134,9
14661,19,323,65,60,79,4
11597,6,936,65,73,121,1
10725,10,751,05,74,86,1
10497,8,27,96,89,73,1
11709,12,606,2,89,90,1
12577,8,134,55,66,118,5
13969,9,165,91,38,175,9
14779,20,1206,98,5,8,9
10483,17,139,5,93,165,10
12207,14,764,84,51,169,8
12394,2,859,19,46,159,6
11044,10,910,32,35,102,8
14493,5,278,36,67,189,1
14361,6,146,26,92,3
11940,15,1189,26,86,186,5
11859,20,944,68,36,103,8
13417,14,934,85,61,72,5
13251,9,741,53,52,164,7
13936,1,671,32,63,79,5
14437,14,680,17,76,23,5
10101,17,145,23,83,195,7
13150,0,1168,97,38,9,2
10713,8,672,69,89,85,1
13384,9,166,74,17,192,8
12593,12,1232,84,51,72,4
10518,0,609,99,11,145,1
11322,6,965,63,11,66,10
11199,17,783,06,49,93,4
11369,13,857,8,76,65,9
11225,14,262,92,3,174,1
10367,3,394,3,22,164,7
12222,13,37,4,86,96,10
14268,20,1185,72,55,139,6
10668,18,849,29,46,136,9
10521,13,359,71,7,140,9
12342,18,237,39,55,146,7
14776,20,321,25,77,193,3
13737,6,658,85,84,16,4
12480,18,792,66,40,112,2
14489,8,164,28,4,96,2
11122,7,1091,97,25,117,2
13270,20,799,01,72,173,4
11921,20,401,46,91,46,2
11625,20,1040,1,84,167,6
11249,16,1100,2,46,63,10
13490,3,144,75,81,93,4
12389,14,975,08,2,85,10
12640,18,532,19,6,43,4
13879,9,1022,33,79,17,8
14540,4,405,15,7,91,5
14498,20,363,14,64,154,6
11077,9,392,15,88,13,6
14973,1,1158,12,84,51,5
10277,6,473,76,35,138,4
14974,12,329,92,66,92,4
10612,1,1197,31,55,30,3
10229,8,1164,22,11,144,9
14237,2,900,31,27,189,5
10980,15,196,11,62,95,1
12721,10,985,23,88,139,3
10691,3,136,14,71,87,8
10987,10,824,58,34,121,5
11449,17,245,94,78,63,9
13638,14,1110,23,26,122,4
13936,2,366,85,72,20,1
12425,12,882,04,51,105,9
12675,6,199,49,32,190,6
11788,0,336,59,35,1
13899,1,718,88,8,93,1
11701,10,1204,52,75,112,7
13716,12,1207,2,21,95,9
13048,5,527,44,3,87,1
10828,4,152,05,86,76,6
12703,4,517,16,82,121,8
14009,17,1065,65,14,82,5
11216,7,1153,83,74,161,4
14750,3,18,47,56,2,8
14771,15,375,86,20,187,1
14849,9,727,36,3,139,3
14307,5,794,63,22,44,2
10357,15,98,91,50,86,1
13274,10,244,64,78,132,9
10571,3,451,9,32,14,9
12251,1,831,97,28,200,5
11258,4,678,16,58,107,10
13252,5,455,48,27,196,8
10555,15,515,21,90,62,4
11391,10,267,8,67,44,5
14679,19,282,98,49,144,6
12751,13,371,64,93,166,5
12216,6,424,2,53,44,3
11245,17,464,19,9,171,5
13196,7,157,23,57,5,1
14451,16,659,2,9,96,4
12387,16,506,41,38,198,10
11537,5,460,58,69,192,6
12753,7,913,79,54,18,7
10347,19,1143,05,44,33,9
11458,20,1071,02,35,183,7
11017,10,1124,12,97,31,7
13778,16,283,85,93,111,3
10982,15,293,64,1,46,2
11737,3,309,88,13,62,5
11651,5,68,01,64,104,4
12952,7,816,3,90,20,1
11957,18,15,14,67,194,8
13609,12,52,67,68,101,6
11653,19,496,35,37,40,4
12201,20,448,21,77,81,6
13504,3,112,22,51,90,5
13608,11,1045,54,26,57,10
14088,15,1028,18,62,177,6
13999,12,425,6,53,28,1
13301,6,1037,44,87,17,3
10737,3,664,37,77,130,3
13925,14,386,99,26,78,7
13878,14,1204,03,21,146,10
13068,1,273,1,30,168,10
14980,11,357,5,73,142,9
14306,7,817,22,20,134,2
12157,6,565,15,63,128,10
13930,11,1102,6,94,120,8
10532,7,818,27,53,49,4
13134,11,1245,13,90,90,1
14735,20,73,17,92,4,2
13864,9,1160,42,85,136,7
14316,5,936,18,19,21,9
14002,9,1226,63,60,57,8
12341,13,765,29,6,162,5
13280,12,227,59,7,155,5
12279,16,1051,03,77,121,7
12351,12,1050,99,86,65,8
12458,0,1170,87,54,92,4
14520,4,235,39,75,47,5
10271,11,95,33,13,17,10
14745,5,977,46,65,200,8
13511,7,589,46,16,45,2
14986,20,963,35,77,90,4
11893,15,330,55,44,6
10340,7,308,99,70,41,10
11137,0,364,33,76,77,6
11838,4,354,35,72,70,1
11755,20,21,46,18,134,3
13105,11,1148,51,2,48,10
11187,13,726,36,29,48,9
10197,12,906,18,41,186,7
10286,2,1212,1,54,70,2
13760,15,301,91,31,39,2
14599,7,445,99,3,44,3
10675,12,1112,76,92,71,7
13006,9,138,33,97,100,5
14879,15,166,69,29,84,7
14757,4,1054,52,89,157,3
12092,6,611,52,58,41,6
10510,8,944,19,86,13,9
13090,12,64,99,72,23,9
13841,0,395,1,39,71,7
12173,9,625,35,14,47,9
13886,5,189,31,90,66,4
13419,0,1186,27,91,93,10
14189,20,1140,01,62,13,7
10607,0,792,93,75,72,7
14134,16,847,54,72,45,6
14288,19,541,57,30,189,10
13815,0,456,05,74,153,3
13321,18,1087,25,75,19,9
14370,10,305,4,46,12,4
13458,19,873,95,47,47,6
10078,8,502,58,84,60,4
14068,11,586,38,6,20,3
10426,9,215,54,55,121,10
12891,13,556,9,43,178,2
14869,13,289,01,37,139,2
10975,1,126,93,64,37,2
14914,2,522,4,28,77,4
13884,1,89,61,92,184,5
11269,7,476,68,54,194,10
13861,18,95,15,36,10,10
11700,16,131,48,27,154,10
10811,12,1211,63,32,2,9
11952,0,66,98,86,39,10
11260,2,826,97,12,26,9
10481,5,23,48,60,188,8
14927,1,520,35,53,10,1
11255,17,58,37,33,159,7
12589,11,1126,36,1,16,9
14131,4,49,02,69,146,7
11233,4,541,36,99,190,5
11213,4,97,81,66,30,2
11091,9,1230,24,44,115,7
10490,1,986,85,98,153,6
12658,3,886,31,22,168,1
10311,15,1087,08,6,125,3
14333,2,1042,57,60,20,1
14624,19,29,98,61,45,1
11319,0,1085,5,40,83,6
11618,0,1096,29,86,21,2
12758,9,367,92,32,191,8
14894,16,790,09,52,75,2
14304,18,744,57,5,104,9
10523,1,812,21,59,26,10
11996,8,631,57,62,137,3
11985,7,987,79,57,111,3
11230,20,304,17,59,61,9
10795,20,830,75,69,184,2
12319,8,932,19,57,109,5
13351,3,1078,69,2,46,4
11523,20,115,59,60,173,9
13653,13,768,45,15,5,3
12094,10,394,16,30,159,4
11392,1,188,73,23,83,5
13592,0,909,07,38,181,5
13347,14,622,69,111,7
14836,17,789,72,71,118,8
10213,14,502,57,89,28,3
11159,3,999,39,50,25,3
11978,9,955,33,70,40,3
13743,14,614,27,82,2,10
12329,9,113,88,34,104,3
11265,10,523,86,14,151,2
13133,5,372,05,9,184,1
14479,10,393,69,79,125,9
12188,7,605,17,60,119,5
14232,8,1130,63,82,137,9
10609,1,1224,76,12,12,3
14863,19,121,66,42,41,1
11277,12,970,37,59,105,2
14803,20,748,31,49,61,8
11806,3,30,83,68,129,3
13310,0,439,01,53,149,4
11085,14,566,14,23,172,1
11580,9,316,11,88,88,2
13680,10,772,41,25,62,8
12036,5,585,16,52,179,8
13436,3,597,55,55,101,2
10591,2,223,16,26,58,10
10735,1,388,99,28,119,6
13094,12,1012,5,69,74,9
10721,8,889,02,84,151,4
14785,5,368,85,97,166,7
10596,9,1137,67,62,118,8
10812,6,279,16,74,199,1
14593,6,23,21,98,179,7
10270,18,702,61,49,160,6
12549,10,222,44,66,183,8
11458,20,569,38,61,161,8
11942,8,830,12,89,116,2
14913,7,1135,07,68,119,2
10092,18,757,56,76,4
14180,20,1040,78,63,156,1
10070,10,1019,96,31,142,8
11017,16,811,57,45,32,1
13183,15,834,58,91,72,10
14455,0,159,45,67,128,8
14037,18,997,1,20,79,8
12570,6,1018,89,73,113,5
10503,11,198,38,66,95,7
12536,5,826,05,28,25,6
12825,20,148,06,73,10,4
12955,0,821,41,96,37,2
12810,9,809,82,25,21,8
13500,11,1173,64,100,118,8
14442,2,215,72,30,177,4
13765,10,381,15,3,38,3
12414,14,827,34,80,138,8
11631,15,793,44,20,35,7
12042,18,1188,82,38,125,1
12588,18,845,59,51,37,1
14106,0,854,36,1,151,2
11295,1,944,25,59,72,5
10482,8,510,23,12,188,3
11639,9,968,49,54,143,8
10010,16,1241,22,34,158,1
10311,0,866,01,57,73,4
14748,3,281,19,77,25,4
13214,2,1051,76,94,122,2
11959,4,692,27,49,74,8
13045,0,226,84,69,165,2
12427,7,1174,41,7,188,1
12843,2,831,16,96,40,9
10251,12,232,94,87,42,8
11422,11,222,93,86,183,2
10494,10,969,62,60,104,10
12520,17,1102,94,45,3,5
10265,13,133,6,86,64,2
14961,13,254,27,21,27,3
13535,15,1179,37,49,75,7
14085,4,70,39,1,27,8
14372,17,887,38,33,10,8
10463,4,426,5,28,18,1
10161,12,914,53,39,124,5
12996,13,251,46,63,43,8
14643,14,97,06,57,112,8
11323,13,201,02,34,200,5
10207,2,514,51,62,174,3
10510,6,158,48,33,71,6
13709,5,1019,83,71,110,6
10338,11,1167,12,38,85,10
14719,2,65,66,86,40,5
12758,2,1052,27,35,95,10
11606,6,451,78,43,25,1
12153,13,411,43,92,84,8
13988,16,748,36,46,99,6
14314,6,361,21,15,157,9
14192,16,242,02,10,166,4
14812,15,970,28,20,65,9
11791,20,234,07,65,43,4
12431,7,660,3,4,57,5
12782,13,423,63,30,49,10
13878,16,675,22,66,22,10
14884,17,902,83,86,52,10
11074,7,503,26,5,4,2
11098,16,949,78,95,41,10
13248,13,626,23,58,146,3
14743,16,1065,94,85,200,9
10820,10,1067,16,15,103,9
13113,19,863,64,14,47,9
10112,8,1223,75,43,189,1
14017,7,1064,07,43,185,10
10141,12,1138,37,91,127,6
13092,16,930,46,32,107,6
14865,19,855,57,14,154,3
12725,17,1209,81,50,149,10
14493,8,786,7,19,149,10
12675,3,824,33,84,191,6
12180,3,352,47,79,69,10
11346,12,119,89,19,13,6
12496,6,703,74,88,149,5
14093,12,219,68,61,7,7
10943,11,956,13,43,126,9
11409,17,1171,38,27,63,6
12473,10,867,57,38,60,2
11215,11,16,07,1,177,10
12957,15,760,17,82,5,3
14689,8,925,02,96,75,7
10678,7,640,77,77,45,9
14987,14,701,57,70,109,1
14815,6,310,49,44,26,4
13760,2,783,54,9,12,9
14761,2,700,53,58,5,1
10173,15,897,78,36,33,3
14901,13,889,89,40,83,5
11461,15,160,89,18,85,8
11156,7,799,61,27,113,3
11456,13,1137,83,6,152,3
13932,17,326,92,38,123,6
10468,5,1046,39,66,4,4
14403,18,863,78,87,53,3
11490,6,211,75,96,146,9
12538,10,666,58,3,69,6
12761,15,383,61,49,166,4
12744,11,1189,51,97,165,5
11663,16,1141,58,100,147,8
12607,4,217,63,59,200,7
13657,16,559,81,60,176,10
13246,10,519,77,66,123,6
12153,16,865,84,23,64,3
11225,4,442,55,12,18,8
10480,7,326,02,37,52,4
11453,6,476,95,1,188,9
12571,19,926,48,32,191,4
12443,7,1027,48,89,128,2
12516,19,406,5,87,174,8
13716,7,597,66,28,141,2
10138,10,514,06,94,60,2
14135,7,302,42,89,160,2
11813,17,1074,19,34,56,10
10167,16,385,47,20,156,4
10179,4,24,29,46,182,2
12209,8,1116,88,81,46,7
12674,17,258,71,42,103,4
12509,18,791,39,87,12,10
13323,2,727,98,27,120,2
11323,18,70,48,30,162,4
10119,18,1159,78,90,93,7
10161,3,885,35,61,33,3
14734,18,128,79,35,139,7
12198,12,489,56,44,41,9
10627,10,106,08,16,72,8
13279,5,86,95,18,70,9
10341,12,377,52,11,91,9
13084,13,791,98,90,83,1
13821,15,639,75,42,6,1
14093,8,760,07,66,192,5
10454,0,694,46,30,3,7
11183,9,1060,45,25,108,5
11669,5,46,49,23,45,7
11901,1,345,31,25,36,6
13205,3,277,41,2,188,4
12584,14,967,61,27,63,2
13399,1,483,33,20,65,1
13045,12,1079,05,51,102,5
13646,14,847,47,92,197,7
10405,16,501,87,95,87,3
12081,11,821,18,92,149,4
14417,4,351,35,11,122,8
13692,13,853,18,97,13,2
10259,1,240,96,82,37,7
14072,7,366,15,34,54,6
10374,12,1110,2,92,188,4
10996,5,729,12,5,2,9
11783,3,993,77,51,6,2
12274,14,502,52,47,64,9
10627,11,875,12,38,73,2
13790,20,208,32,52,141,4
14556,0,210,98,95,108,3
11588,20,519,98,93,110,2
11042,15,1168,28,20,182,8
13968,17,102,32,50,21,1
13573,7,1111,57,71,13,1
13539,16,958,97,99,191,3
13163,5,810,09,35,49,6
12263,8,795,18,49,168,4
13281,5,1100,43,35,97,5
12154,2,518,93,100,135,4
14935,15,187,09,96,157,5
12469,2,178,87,14,53,8
11556,16,1003,7,93,41,4
10177,14,792,96,41,57,2
10700,3,737,04,74,70,7
11246,12,116,35,90,12,1
13189,12,289,7,19,110,6
10808,17,639,68,54,92,9
13535,5,478,76,59,108,8
10372,8,174,08,87,165,9
11816,3,589,05,28,180,3
10479,2,979,44,68,5,8
13090,0,1070,59,36,131,9
14521,18,1150,79,96,137,10
14722,5,837,76,82,7,9
14150,7,370,04,99,79,1
11208,3,1185,52,15,125,6
10765,20,855,67,78,149,5
10172,5,926,9,44,172,5
14755,17,1189,63,81,105,3
14866,0,27,92,55,135,6
14724,20,20,86,81,68,3
12470,4,1220,76,49,99,5
13337,9,694,15,99,76,1
12475,4,386,29,5,184,8
13545,8,120,15,95,176,10
10150,19,645,43,50,62,10
14326,18,105,8,1,34,4
12597,10,727,79,92,149,5
13750,2,1090,85,61,120,3
14108,16,821,86,12,100,9
12225,19,511,73,17,96,10
11764,0,694,52,35,62,7
13192,20,467,77,45,162,6
10062,20,1234,42,96,74,7
12784,13,577,75,74,101,3
13355,12,542,43,32,112,3
10497,18,413,45,6,55,10
14845,13,411,58,49,159,8
10783,0,759,54,6,60,9
13279,6,645,05,3,24,6
11383,8,187,38,20,56,10
12364,8,1226,6,74,189,2
14674,1,204,34,55,144,5
11483,15,24,12,61,102,7
13452,16,18,53,63,14,5
10388,11,1226,32,89,127,1
12913,6,1050,87,26,71,1
13350,9,627,62,56,28,1
13073,14,732,08,97,51,8
10483,12,628,26,33,93,10
10062,1,524,66,66,67,8
11537,12,1222,12,86,15,6
14175,14,22,19,27,34,6
12459,16,1047,05,91,45,10
10150,11,784,09,14,143,10
11083,0,511,23,87,199,10
12799,2,1218,6,56,67,7
10621,8,976,27,51,12,2
11556,1,521,15,53,20,3
11123,18,689,35,22,70,7
10752,14,458,88,95,184,8
12875,10,1041,55,51,160,8
12216,2,610,84,100,80,10
13963,11,1129,96,84,169,10
12764,6,177,66,38,19,4
10452,10,1164,72,5,173,10
13627,6,300,44,41,19,4
12655,10,657,13,83,135,4
11206,15,364,16,35,139,2
12227,3,684,92,98,65,7
12081,1,1244,3,95,36,5
13920,1,561,53,55,66,4
11344,11,1116,01,65,26,4
12737,2,264,72,64,199,1
11759,18,541,72,41,93,2
11365,8,1165,41,74,127,3
11384,7,713,47,75,117,9
11558,20,266,85,88,133,3
12901,1,409,06,36,153,7
12989,11,38,16,55,78,7
12433,20,81,81,41,199,1
13556,8,450,06,1,22,9
14950,10,1175,7,97,35,1
12739,15,490,13,22,145,8
10831,15,804,53,45,16,8
10901,8,312,36,26,118,5
12438,4,1013,65,65,14,3
14462,10,1192,51,89,150,1
10805,1,1079,42,26,85,7
13930,0,1221,57,14,97,2
13465,12,485,12,32,160,3
12002,11,112,41,94,182,10
10956,5,538,72,22,121,9
14692,9,971,7,64,76,5
13940,4,552,87,37,139,5
13098,1,917,07,56,147,6
13739,17,807,06,38,131,5
12741,2,414,17,15,83,3
14324,1,696,64,78,91,10
11143,9,32,31,10,160,8
14793,12,845,76,52,64,1
14706,3,765,62,54,185,5
10721,19,154,54,40,173,5
12966,9,369,56,80,70,9
11254,18,275,02,21,40,6
10631,2,432,12,52,6,5
11054,10,554,03,51,121,5
13110,1,996,92,70,36,4
13825,15,1180,81,100,13,3
11987,4,923,45,99,58,4
10226,19,634,07,25,132,7
10099,20,760,09,20,33,8
12143,19,1061,18,27,46,8
14575,9,247,98,91,88,6
14481,14,271,05,81,106,4
14508,1,369,22,18,81,7
10600,20,997,41,38,151,8
10565,0,715,27,20,68,7
11051,2,41,68,99,119,3
11057,17,611,42,55,61,5
10625,16,958,68,33,50,5
14222,2,1207,48,64,151,9
14246,12,10,83,78,194,9
13539,8,1187,49,74,42,6
10965,7,996,91,55,194,9
10745,1,681,83,15,104,4
10127,15,1211,01,82,20,6
12992,17,774,11,4,179,5
10223,14,479,87,73,147,2
13776,4,799,07,52,13,2
11895,13,782,95,28,74,2
13422,20,971,06,2,49,6
14760,5,455,03,5,118,10
10350,19,254,68,85,97,7
14994,12,1040,63,65,42,5
13948,1,797,56,29,84,5
12273,3,594,08,80,113,6
13110,7,1187,34,47,77,4
12571,6,910,19,1,155,6
13858,4,404,74,1,169,10
10738,16,862,68,22,86,2
12035,10,1162,65,11,101,4
14604,2,804,68,71,29,1
13228,11,1020,24,34,66,10
13508,20,1185,6,94,91,8
10797,1,680,48,64,118,10
10877,8,169,44,75,105,10
13836,3,1064,21,97,185,7
10508,13,581,55,74,193,2
10555,9,735,68,6,142,6
13253,9,144,46,5,43,3
14626,7,25,57,59,33,4
12836,5,1088,44,42,75,4
10367,19,691,52,30,103,7
14027,17,1178,04,79,47,2
14994,11,1094,31,92,191,4
14070,2,939,23,88,89,5
13523,13,1043,3,80,127,2
14948,4,676,05,11,105,10
12975,10,478,38,46,80,8
13127,20,1111,63,40,171,4
10644,13,574,2,50,115,2
11762,10,103,83,89,177,8
14561,2,555,18,34,172,5
10533,20,1026,53,67,158,7
12831,4,626,66,16,80,10
12599,13,447,71,42,99,1
10561,7,945,69,2,19,6
11375,0,60,08,55,157,3
13578,13,1202,95,90,181,9
14125,1,247,15,100,123,4
12091,7,678,11,10,49,6
10697,11,619,67,59,164,2
13303,0,798,43,98,33,2
14217,6,90,89,76,73,9
12630,18,1090,02,41,134,9
14122,5,1085,51,74,173,10
11178,10,680,77,62,86,6
13503,13,847,56,40,123,10
12301,1,648,03,38,109,9
12575,12,23,89,6,76,8
10195,16,673,03,51,67,2
14019,8,952,19,63,75,4
11192,8,275,71,6,194,9
13932,15,556,38,91,179,6
11232,4,295,62,55,18,3
12378,0,331,41,30,74,1
12075,12,259,81,42,181,10
10044,15,986,38,36,129,5
10361,10,326,95,34,112,1
12761,8,65,53,61,52,1
14174,8,736,41,50,200,7
11453,2,108,6,7,147,10
14401,14,374,65,81,169,1
11196,1,351,68,76,82,2
10418,18,1059,41,62,108,10
13671,4,496,76,73,196,3
10992,17,931,39,91,175,7
13307,4,365,65,67,193,4
13502,15,341,07,63,47,6
12661,16,786,32,67,58,9
12357,18,225,01,16,84,2
12071,7,235,35,61,97,2
13294,13,556,93,46,116,6
14953,15,934,89,49,40,1
12223,18,881,11,4,42,4
13185,14,278,27,92,25,10
10438,16,1017,46,27,65,5
10937,16,634,95,5,195,7
13897,4,139,25,10,171,6
10911,20,1119,61,31,130,4
14939,11,743,72,51,195,4
11565,6,122,28,80,95,9
12230,10,940,19,30,177,3
12178,12,1016,27,17,54,8
10437,14,500,63,76,52,2
13576,9,636,88,98,5,8
11707,12,837,7,91,26,2
11064,15,713,06,19,125,2
10412,15,653,76,86,47,2
12198,10,1027,97,28,70,1
10735,17,975,64,81,35,6
11340,2,1048,17,85,128,8
11974,19,646,64,61,51,10
12352,12,605,97,7,33,4
14021,8,375,94,40,29,10
11154,14,1146,44,76,103,6
14493,19,853,53,74,29,8
12366,2,475,88,55,54,4
14244,17,840,8,49,12,3
12531,12,1028,98,71,88,10
10202,9,1224,99,98,16,7
13892,1,691,7,100,61,2
11658,12,1196,6,68,130,5
12353,6,289,89,74,134,6
12734,12,1103,35,63,77,5
12558,8,1043,08,98,34,8
13618,13,451,52,21,1,1
14501,8,798,46,39,2,9
14636,20,938,5,33,17,4
13440,17,320,82,97,168,4
12154,5,786,36,59,182,4
14498,13,102,22,22,95,2
14524,0,1150,22,22,126,10
14780,0,1244,16,81,100,5
14821,14,685,73,68,100,9
13792,19,951,04,98,23,2
13544,3,1035,65,88,39,5
11610,16,1202,54,96,42,1
14082,7,1105,28,85,145,10
14218,17,301,45,64,15,7
13822,9,840,98,84,131,10
10949,20,61,06,96,112,10
13946,10,959,62,78,131,10
11230,15,745,06,13,159,2
11442,1,1192,53,36,85,3
13057,11,625,97,84,35,9
12688,9,462,98,26,92,5
12565,16,913,43,5,67,2
12237,3,592,27,5,181,10
13494,8,527,87,57,120,2
12522,12,1160,83,11,61,9
14740,11,543,36,9,23,9
11615,12,313,19,17,135,6
11295,17,676,69,83,170,10
12770,12,220,58,20,157,2
12454,7,803,74,35,25,5
13212,11,394,46,97,102,10
11599,5,1209,31,10,185,8
12945,9,636,97,94,166,2
13291,18,1208,42,19,181,5
11574,4,774,55,42,184,5
11493,6,111,7,47,83,1
10325,18,127,8,49,119,3
14905,3,353,6,27,170,10
11753,0,762,81,23,93,9
11520,16,1007,79,52,116,5
11521,17,693,4,95,56,3
10948,14,359,22,73,102,9
12219,5,707,08,82,99,6
14558,10,72,12,80,116,3
13872,15,832,86,79,173,9
10282,0,553,98,38,175,1
10895,18,613,75,48,73,2
12717,12,1123,63,43,15,4
13378,2,324,94,35,176,5
10828,13,797,62,41,170,9
11212,9,332,14,53,39,6
10097,16,178,14,87,67,7
11921,18,1240,65,88,139,1
10974,12,850,09,18,136,3
12920,10,1004,17,12,34,8
12975,5,767,37,68,120,2
10908,13,1055,99,39,19,7
10866,2,956,75,96,151,3
14121,2,358,33,20,86,4
10197,1,95,72,17,142,6
11694,11,336,53,38,190,9
14188,15,1083,29,65,152,3
10252,0,398,18,37,54,7
10152,6,351,78,70,171,4
11540,14,360,73,19,8,8
10679,0,259,02,14,34,8
12455,14,524,97,75,26,10
14832,13,700,25,50,10,9
12610,19,739,69,89,21,2
13904,4,681,9,68,60,7
13910,1,524,59,36,185,1
12877,1,530,49,76,57,2
13021,18,1160,39,56,192,7
13767,19,318,85,41,23,10
11905,3,323,33,48,48,10
11512,13,386,09,93,127,6
13541,19,934,21,9,45,2
13394,14,1098,34,5,144,9
12518,13,514,37,17,44,4
14233,10,93,87,20,86,5
12888,10,718,18,20,20,9
13533,11,889,87,8,158,10
14772,0,936,45,66,12,3
12195,18,915,97,54,119,6
12760,15,14,97,51,34,9
13142,15,500,57,100,12,1
11607,8,1093,42,98,85,1
12233,10,770,19,20,104,1
14120,14,393,62,61,71,1
13238,3,1121,27,90,135,5
13215,14,32,78,12,36,2
11076,11,208,95,79,41,7
12583,16,1003,36,20,162,9
10190,7,906,12,23,101,5
14691,10,480,96,48,4,2
12342,6,556,73,28,49,10
11799,8,642,96,92,95,10
14694,8,52,63,82,67,3
13714,8,1113,49,20,104,2
12240,5,43,23,55,145,5
13012,17,731,79,51,121,8
13397,13,200,74,10,106,10
13316,4,375,91,48,187,10
11531,0,116,92,197,1
11015,19,244,52,65,12,7
13035,0,124,88,34,117,8
14445,14,281,42,65,176,4
13049,10,286,83,11,43,6
11244,17,848,05,8,34,9
10929,7,895,17,52,100,7
10301,10,904,69,12,174,9
14232,13,175,35,27,196,8
13030,7,674,83,64,55,1
13344,4,1200,54,74,96,10
13401,19,1049,45,12,85,10
12450,8,1206,36,87,55,6
10066,19,1077,19,12,55,2
14407,11,590,59,33,190,6
14885,5,976,51,76,77,9
14551,15,687,11,65,132,2
12042,12,1165,1,85,6,2
10027,9,649,88,68,160,5
11573,20,451,75,37,114,10
11425,18,831,2,96,27,9
11939,6,1162,93,83,188,7
13970,19,442,29,13,21,3
11834,12,743,35,79,89,8
13800,3,694,47,40,66,4
10228,8,1188,18,80,191,2
10978,19,585,4,33,58,8
14822,17,1014,96,6,152,6
14027,9,1152,19,60,3,4
10391,11,991,77,17,28,9
11486,18,98,81,14,152,10
10119,9,29,93,78,118,4
12567,8,1195,85,74,169,2
14178,19,267,57,2,15,9
12484,8,341,33,64,137,8
10698,4,496,21,50,158,3
10357,19,950,97,84,69,10
12763,11,323,9,69,72,7
11612,7,305,18,83,27,5
12325,14,553,88,36,51,9
12690,11,12,64,94,183,7
11604,11,1098,33,73,20,10
14974,12,817,41,86,45,3
11306,9,492,21,76,59,4
13768,1,1234,94,6,111,2
13977,6,696,04,55,61,8
12391,20,480,16,10,79,4
12821,15,498,06,1,97,7
14265,3,11,15,55,89,6
10254,4,1101,1,69,0,1
14278,10,826,57,97,88,8
12435,16,1163,53,29,23,4
11320,6,593,1,7,161,10
12277,6,906,27,77,60,2
14890,9,738,03,23,191,4
13769,17,1157,65,86,106,9
12358,15,388,31,12,170,6
10636,9,687,68,57,28,4
12914,0,862,52,24,132,2
13280,15,927,72,46,88,10
14848,6,948,13,14,78,4
10684,9,166,29,94,39,10
13578,10,808,18,31,54,5
10416,7,101,3,16,62,3
11192,19,836,29,43,43,10
13242,20,1074,42,56,141,3
13161,16,271,26,56,137,7
11055,6,69,85,40,176,10
11093,6,1188,73,1,1,2
12937,11,730,77,80,28,8
13994,8,407,06,6,68,6
11895,8,1105,32,27,88,7
10966,12,1088,22,57,75,8
13984,15,714,7,86,46,2
13475,10,205,28,80,30,7
14703,13,798,37,3,147,1
14874,1,654,43,84,105,6
12641,14,1147,19,90,130,3
10719,10,468,86,26,94,3
10226,18,1075,38,11,66,5
10640,1,1148,13,28,123,2
12422,18,166,32,98,48,1
14402,17,1200,36,78,16,9
14690,1,774,42,95,156,5
12316,8,1046,59,57,51,9
11449,0,307,01,86,114,8
11372,8,693,82,73,18,8
10900,3,1024,82,70,68,8
14135,9,723,7,49,195,4
10735,12,720,64,61,172,9
12433,13,51,16,41,96,3
12597,2,1104,66,5,24,2
11016,6,48,59,87,160,8
10476,6,808,21,83,69,9
12679,5,306,92,69,42,4
13955,16,1223,7,91,163,7
11739,2,144,79,79,64,4
14488,1,966,57,71,106,3
11712,12,476,09,24,49,4
14993,10,492,59,95,84,7
11262,0,428,81,22,151,10
14384,14,1183,75,6,83,8
14328,9,747,28,27,198,1
11553,2,1200,78,4,129,9
14238,7,582,43,69,30,10
11847,10,87,3,44,7,1
14501,11,448,84,77,182,2
11582,5,198,45,35,37,9
13021,1,1207,81,57,112,9
11560,11,496,66,167,2
12698,9,417,66,53,70,10
11731,3,218,3,43,102,8
12906,13,769,04,76,172,1
11727,0,586,22,82,32,9
14527,1,1067,81,35,116,2
13092,3,423,84,44,185,9
11503,12,65,29,39,169,8
13725,8,529,39,34,59,8
13796,11,757,25,61,156,8
11653,13,446,58,44,107,9
13881,11,1130,52,24,177,2
10218,2,716,49,47,170,6
12025,12,643,75,58,182,10
13699,13,45,29,59,158,1
12740,12,709,93,15,163,3
12033,4,628,69,62,69,10
14308,16,12,26,82,176,9
14292,4,1054,72,86,66,10
11355,2,326,93,17,23,6
10798,15,1033,66,56,96,9
10724,8,462,69,88,167,6
14270,3,245,96,98,56,5
13409,12,604,5,94,79,2
11083,12,529,73,27,89,10
11620,15,260,53,53,136,1
11443,17,1141,24,66,185,1
12417,14,859,05,17,60,9
14804,15,33,26,56,143,2
12431,6,991,49,18,86,5
10157,11,878,09,93,167,10
12382,20,1150,88,34,194,9
12087,5,512,17,12,164,7
11327,20,1136,01,52,171,10
12874,20,1052,28,69,175,1
10481,7,893,12,16,189,9
12569,13,713,62,4,168,4
12298,2,1192,32,55,6,7
13240,14,622,88,62,21,3
14836,20,899,29,46,33,2
11207,13,604,42,91,184,5
12009,4,249,9,11,59,6
14094,2,136,33,56,140,1
12413,17,90,29,58,147,4
12240,4,300,57,24,48,10
10079,2,364,31,32,34,5
10488,6,32,54,13,27,6
11583,1,257,26,69,5,4
10638,7,913,62,40,29,3
13254,15,671,82,30,162,2
10859,7,1030,22,80,108,7
10696,12,532,02,75,61,5
10534,18,776,85,54,138,3
12523,15,24,55,4,185,8
13007,7,847,29,37,87,1
14618,5,55,3,10,14,6
11651,15,747,88,96,19,6
11143,15,907,07,27,50,1
14523,20,276,5,37,192,2
12998,15,623,51,31,150,7
13557,4,128,13,41,1,8
13652,6,1037,84,80,144,6
10103,19,859,59,58,122,5
14568,0,104,22,76,182,5
13308,20,278,82,10,159,2
11201,0,946,08,92,188,7
14233,1,1018,02,97,15,7
14877,3,1024,76,89,89,6
11861,4,289,2,45,125,10
10442,3,690,24,72,120,2
11116,7,308,84,38,177,7
14029,20,111,29,3,61,1
14858,5,795,2,82,21,8
12254,2,1047,24,63,141,2
12188,7,1165,01,67,124,5
13859,8,281,51,10,139,3
14129,3,123,3,21,151,4
14981,18,639,47,78,159,9
14568,4,1053,27,28,119,3
13495,12,130,86,4,158,3
11910,6,912,63,16,29,6
10627,2,1235,2,80,155,4
11194,15,1134,64,26,81,1
12774,15,1038,21,69,28,9
10553,2,658,14,9,36,4
13770,6,934,2,54,29,7
14666,3,810,61,13,196,10
11222,10,216,44,29,177,8
14915,14,1177,42,72,33,4
10617,19,1172,81,60,40,2
12399,18,29,63,74,103,3
13457,11,321,36,99,27,10
14829,0,399,37,25,123,1
10597,1,1007,61,78,131,3
14613,13,686,65,58,5,6
13614,17,76,04,85,1,8
11618,15,357,43,13,7,4
13982,8,187,82,63,132,4
14959,15,615,57,86,142,1
12171,9,155,04,62,119,8
13679,8,993,42,10,126,2
10973,8,183,85,7,79,9
14535,8,592,3,55,151,7
13043,15,402,15,83,107,8
12056,12,197,91,73,65,7
12759,3,400,66,13,99,5
12179,20,713,23,64,46,3
10751,14,511,98,34,9,10
10039,3,749,12,56,100,5
10236,1,698,34,57,157,5
10434,16,862,49,46,4,5
11550,7,867,95,24,3,1
11334,5,27,01,39,27,5
13998,1,831,72,13,139,7
14826,17,993,16,45,193,6
13767,11,1217,36,52,10,4
11510,0,757,52,91,81,5
11952,12,67,8,71,125,4
13980,3,594,36,92,125,1
12160,4,123,23,73,155,5
13414,2,564,81,3,30,7
12653,15,413,04,8,34,2
12765,10,756,24,5,53,3
14890,4,524,87,50,194,9
12248,16,483,13,43,173,4
10170,5,1098,24,2,9,2
11556,17,1233,52,41,49,10
11335,16,1209,81,2,138,1
11393,20,1089,57,13,70,10
11939,9,160,39,77,59,9
13929,6,225,51,42,153,7
11362,9,1228,7,71,150,4
13994,1,773,69,50,129,2
11769,12,325,38,15,72,8
11273,14,601,43,33,159,7
14651,9,694,75,19,166,5
14262,2,174,51,52,102,3
12490,12,469,29,28,6,5
10275,0,367,81,35,101,1
13012,20,684,57,76,42,5
11837,14,150,4,59,196,1
13848,7,1225,7,53,79,7
13315,4,144,63,18,172,4
14357,10,448,84,53,9,3
12630,1,1164,55,6,2,10
11751,4,762,03,82,197,2
10823,6,351,24,81,22,7
13604,2,634,23,98,122,1
14713,7,853,6,62,12,4
10024,6,718,51,31,71,10
12626,0,1154,69,67,168,9
12248,15,727,12,55,176,9
14011,1,44,57,34,133,7
10125,4,696,02,50,118,5
14525,8,844,48,92,80,9
14992,19,40,31,79,169,5
12312,19,319,8,93,200,6
11171,20,145,96,68,178,6
14370,2,1122,55,61,4,3
12522,11,778,3,18,149,2
12449,10,1079,28,39,162,8
13691,19,376,78,40,21,8
12364,17,1040,57,51,44,5
12498,8,65,06,91,143,9
12684,5,846,96,17,181,1
12314,20,818,33,39,44,4
10496,20,346,25,96,9,9
14849,2,777,73,89,166,10
10128,8,30,25,34,85,9
11826,19,41,05,89,49,4
10276,8,931,81,53,84,1
11995,14,957,47,64,171,1
13324,17,630,31,36,64,8
14146,16,179,98,54,60,8
11095,9,195,38,87,54,4
14089,15,431,65,77,175,10
12553,9,911,36,10,162,7
11109,18,739,11,27,39,2
11517,20,687,63,76,53,2
12562,3,961,25,31,164,8
12038,15,181,72,84,95,8
12891,13,1127,52,55,111,10
13870,14,578,58,41,147,1
11450,5,816,95,89,70,9
12002,20,206,99,90,174,4
14916,16,661,06,9,90,9
10231,19,1186,6,55,190,3
13823,6,1197,12,99,62,2
12084,16,1206,71,31,117,3
12668,13,1118,96,52,27,2
13896,13,1082,37,7,97,9
11115,2,323,63,2,36,6
14974,6,1095,23,5,131,1
11781,4,805,1,60,138,9
12616,11,829,82,77,190,7
14361,8,1002,21,28,15,7
12285,9,421,35,189,3
14281,12,21,45,50,174,4
14881,0,334,47,91,48,8
14355,3,850,95,28,179,3
12457,19,850,59,14,54,8
14185,17,112,45,46,100,4
14333,11,1104,55,13,30,5
10301,9,374,1,79,191,5
11294,6,127,38,74,75,3
11278,16,323,02,19,142,9
11189,5,1076,39,33,101,8
13927,2,587,6,24,115,9
12668,6,294,69,83,170,10
13620,8,666,68,59,169,3
10656,2,268,09,65,27,3
12662,19,1133,06,74,120,10
10322,14,367,79,70,129,1
14756,13,1179,36,26,119,10
10201,6,756,48,9,14,6
10285,5,1142,19,80,1,3
10272,13,1210,67,34,155,6
11308,16,676,16,20,145,1
11967,10,1019,06,82,198,6
13633,15,589,91,82,0,10
14889,12,258,06,91,163,5
12087,9,395,19,8,41,4
12405,0,1198,49,14,107,9
14276,6,374,17,26,39,1
12941,15,1000,65,76,13,7
11850,13,134,09,44,118,3
10843,2,1160,34,69,152,4
10736,6,302,1,41,181,1
12477,5,411,78,91,72,1
13430,19,418,67,30,51,8
14651,6,890,01,62,165,6
13474,20,459,85,90,123,8
11489,9,459,78,72,164,5
13690,7,199,56,45,109,7
12865,15,95,19,99,15,6
12703,1,407,18,26,88,3
10535,18,753,79,3,81,6
13634,9,1030,76,35,26,4
14455,8,1110,95,58,147,7
14712,17,363,37,82,129,2
14395,3,41,74,46,44,3
10225,2,437,24,62,65,8
12917,15,1059,83,14,11,6
12252,1,684,29,6,29,4
13249,3,552,15,41,99,8
14074,19,1060,49,19,82,9
13298,4,663,97,36,14,2
10275,0,40,99,3,31,8
12780,13,396,93,56,68,3
14728,0,588,29,69,28,3
10423,11,708,57,68,131,2
12320,4,1147,43,7,71,9
11564,8,806,73,91,63,6
13217,5,788,42,44,18,2
12144,10,154,1,5,124,3
12688,0,345,84,2,173,8
14273,9,702,83,65,138,5
12069,20,433,57,37,156,1
10007,10,1072,66,21,87,10
14807,4,124,63,97,156,6
10077,4,802,06,94,158,5
12926,13,1097,82,81,2,3
14549,10,1184,77,90,39,8
14282,16,1102,56,8,186,3
13597,18,1228,55,84,174,10
12147,0,410,04,28,64,5
10616,8,852,39,33,177,4
11564,11,851,24,69,70,5
12365,15,616,69,79,88,8
14105,9,519,95,82,90,1
10625,3,618,85,69,173,8
13848,8,1035,97,32,55,9
14177,6,1220,15,17,41,3
13195,11,19,82,2,82,2
11663,14,657,35,26,41,5
10043,11,613,24,97,131,9
13319,5,986,27,94,79,6
11959,16,851,1,12,132,5
11153,9,1171,77,87,94,8
14615,2,215,98,39,71,2
10576,18,586,06,84,179,1
13403,1,322,7,13,48,5
14982,16,98,69,73,24,9
13955,16,507,44,15,153,4
11847,19,272,62,55,2,1
11536,17,1157,97,41,0,10
11132,5,522,77,86,67,2
12053,5,1144,73,50,124,4
11580,16,214,42,31,186,4
12228,7,851,06,41,140,1
10949,10,154,01,78,97,10
10095,5,195,6,46,65,10
12413,12,745,83,13,107,8
12597,19,772,57,13,80,6
10919,1,328,83,87,83,5
12850,18,1169,6,49,109,2
14008,19,1139,05,93,109,1
10037,13,923,84,23,68,7
10841,6,848,5,99,71,8
12067,4,853,33,1,106,9
11513,17,273,79,89,192,7
12961,5,1101,48,71,150,3
10577,10,1219,22,52,142,9
10084,8,867,2,39,109,9
12777,5,596,03,38,97,4
12746,2,183,09,6,176,4
12555,5,650,36,92,26,4
13611,7,118,32,67,122,8
10213,1,28,4,54,4,6
13367,5,342,65,45,39,7
10793,8,937,32,11,192,2
12225,20,1041,51,57,13,1
11685,1,1242,47,100,137,2
12874,0,66,63,18,161,5
12629,9,1076,17,61,55,7
14455,12,467,2,99,141,7
13190,7,152,3,9,189,2
11558,5,830,07,5,108,10
10477,19,928,59,9,127,10
11995,19,238,53,4,31,7
12738,20,38,91,12,198,4
10728,2,1052,32,23,200,1
14242,0,749,95,4,47,7
13778,4,575,73,64,183,6
13668,16,42,13,74,144,2
14294,9,828,73,56,62,5
14730,16,578,54,22,106,3
13062,18,1202,01,5,187,1
14693,3,929,62,55,6,10
10424,19,140,1,13,86,7
14577,9,356,83,27,145,7
11089,20,16,77,36,30,3
13659,0,686,41,29,169,6
12951,16,490,37,12,94,5
14878,10,1214,77,25,195,5
14394,4,799,39,74,94,4
10816,7,575,39,47,32,2
12463,0,205,16,39,62,2
11955,16,752,83,95,125,10
12702,12,460,39,37,96,6
13489,7,1204,37,36,117,1
11144,19,660,85,92,17,6
12518,20,1194,80,200,9
13479,20,36,95,23,49,10
14608,14,1233,01,76,33,1
10612,7,833,47,1,64,7
13355,2,806,08,37,8,5
13267,17,322,06,11,53,1
13742,8,355,9,33,55,5
13273,4,1135,24,49,133,5
12119,6,838,48,7,63,5
14640,2,12,4,20,197,8
11676,6,459,1,36,40,7
10091,3,920,85,16,37,5
10705,7,933,2,6,118,10
12109,14,1151,34,21,63,9
14236,1,323,2,4,189,8
11436,1,165,09,35,141,6
13231,18,379,34,20,37,6
12879,14,273,96,79,125,3
11842,3,1005,05,12,74,8
10047,12,643,02,51,33,2
14248,9,957,34,90,33,4
14558,18,927,2,59,188,3
11063,18,395,73,89,58,6
14551,15,701,56,51,41,5
10359,16,997,91,26,118,7
12137,13,805,39,34,152,10
10057,19,674,77,40,167,4
14135,6,531,85,99,114,6
13632,9,1143,59,30,12,6
13937,14,453,96,2,17,10
14098,13,1094,14,100,184,4
12605,10,535,6,41,142,3
14782,11,570,13,52,100,7
12602,20,973,11,35,172,2
14401,13,960,04,52,16,9
10797,11,357,16,28,184,4
11054,13,110,07,68,166,1
11269,4,215,46,41,1,10
14133,11,388,73,13,169,1
13691,1,1008,72,67,83,9
10548,12,720,6,68,184,7
10697,14,1218,19,100,24,5
12672,5,888,84,43,155,3
14284,11,461,95,30,94,4
13865,17,246,77,32,70,2
10446,12,437,14,72,164,1
11396,4,173,73,47,134,1
10942,4,1216,74,96,62,2
13243,1,493,47,96,171,6
11409,18,96,2,59,148,10
11776,11,241,94,91,20,5
13190,12,652,1,85,13,10
12291,7,304,43,97,22,6
12702,9,293,56,22,91,4
14130,1,637,98,73,116,1
11036,14,634,05,84,176,6
12507,0,75,06,98,146,6
12559,6,154,42,18,133,7
14675,20,971,88,18,127,2
11681,16,1152,33,9,1,4
10045,12,626,33,24,14,4
13615,3,960,67,92,17,1
10444,17,836,33,72,76,10
11310,20,421,57,78,190,9
13414,17,35,52,80,35,2
14693,5,1083,87,66,39,7
10903,15,300,22,72,74,3
12418,0,791,77,4,134,10
10702,14,905,37,53,114,7
13106,15,1019,6,64,39,2
14805,1,238,68,24,194,6
13765,12,190,73,94,152,3
11884,1,927,56,92,144,8
13081,9,155,99,7,127,2
13429,17,460,74,95,73,4
12765,3,608,33,17,103,3
10181,17,591,72,36,95,5
11573,15,1232,77,10,177,5
12141,13,914,63,62,16,9
14689,8,688,61,6,128,4
11810,3,583,33,92,39,7
11344,2,44,17,11,137,3
11587,18,44,15,27,118,2
12995,20,790,9,72,135,5
10034,14,380,22,32,107,7
10938,9,473,02,98,179,9
10137,11,236,51,63,103,2
14749,16,1073,68,16,141,10
12269,8,971,58,83,165,3
10325,8,104,03,86,58,7
10398,3,844,98,50,58,3
12586,16,1023,83,49,145,5
12212,7,650,64,8,30,3
12151,2,765,11,88,88,7
11146,9,48,97,20,197,1
13750,10,925,24,93,7,3
12605,9,408,12,100,191,10
11791,9,1233,6,83,14,10
11918,9,1140,73,75,107,7
11669,19,957,2,76,131,8
11659,3,421,43,85,113,1
10009,4,389,95,1,97,9
14448,17,23,9,10,73,5
10414,19,112,53,92,188,10
14734,5,447,04,37,133,6
11931,17,1007,99,15,1,3
13512,11,979,38,75,126,1
11468,8,146,48,93,100,9
10797,20,377,11,96,187,7
11451,4,889,82,57,35,3
14121,7,32,16,12,170,6
11090,16,717,66,19,48,10
10706,2,562,32,20,145,9
11867,4,1081,68,87,131,5
10040,9,592,43,7,19,1
10880,9,268,55,74,146,9
10719,8,494,19,46,89,5
13501,7,1065,85,91,186,3
11818,13,182,19,28,3,5
10874,18,558,06,54,137,7
11941,5,925,52,100,73,8
14469,13,1062,02,5,35,6
12555,11,542,08,94,164,1
13925,7,906,81,28,81,1
10571,20,1011,03,84,172,2
10518,17,737,5,88,11,4
11058,0,476,22,4,151,4
13317,0,236,49,79,19,5
13688,15,611,86,90,168,5
13946,12,1177,48,62,135,8
10394,13,343,79,98,172,7
10078,3,673,79,25,173,3
13850,7,707,25,16,74,5
12224,2,25,67,79,150,4
10780,5,642,89,97,81,2
13003,13,710,77,58,13,7
10607,9,243,84,86,185,4
10991,17,160,98,73,118,7
13100,16,18,3,34,107,7
10410,15,661,19,76,37,6
10367,14,248,33,71,38,10
14437,5,1114,87,10,115,6
11272,2,419,03,57,108,6
11402,3,733,34,50,13,9
13990,19,1176,44,9,48,3
14428,13,266,41,76,58,1
11569,18,789,15,3,171,3
14794,14,762,17,42,177,8
11200,20,1117,72,87,111,6
11659,10,1146,25,73,152,5
13002,0,124,78,56,179,5
14562,17,1111,3,50,182,6
12007,10,1220,94,84,63,3
13011,9,659,95,34,175,3
12329,14,892,41,76,77,10
11292,18,343,19,96,168,6
13006,9,1047,54,69,140,6
11226,3,242,05,7,120,8
10044,15,897,75,27,40,1
12099,3,1117,68,32,73,3
12124,8,1235,68,7,76,2
14349,18,627,97,76,96,6
14303,13,104,81,4,27,2
10987,19,19,44,62,192,5
14187,3,984,49,100,172,6
14811,9,170,64,53,55,10
14320,3,762,91,60,141,9
10674,9,25,26,56,146,1
10986,11,238,56,50,21,4
11601,9,1197,8,15,87,8
10715,5,980,07,59,120,6
13923,14,801,82,37,12,3
14381,17,320,67,37,10,2
10446,10,989,9,1,73,5
10697,20,582,1,73,160,10
13042,14,962,51,63,171,8
10225,17,1039,12,168,1
14341,1,681,62,76,158,10
13050,15,1244,15,57,159,1
12762,16,237,1,100,57,6
13952,13,687,37,10,49,8
14487,7,1031,26,62,36,3
14979,10,661,96,53,103,8
11813,13,1217,32,12,175,6
13659,0,438,95,51,87,2
12047,5,968,36,83,126,9
11429,10,554,96,45,141,8
12152,9,295,7,90,138,4
10835,14,18,85,56,161,7
13647,11,1049,84,20,60,1
13355,6,1162,91,6,80,8
12714,19,1146,09,35,116,5
12228,2,271,93,45,192,10
10792,9,843,13,56,185,2
14181,7,878,06,79,192,1
11706,14,697,49,49,166,3
11929,4,70,97,28,139,1
14219,13,596,74,21,148,8
13739,2,1139,49,30,124,8
14872,12,755,08,74,180,2
13118,5,499,71,33,89,1
10082,9,308,12,69,171,1
13621,19,860,13,75,122,5
11525,19,1112,29,26,168,10
11078,3,120,76,62,180,5
11622,17,498,45,20,155,10
11174,9,819,77,13,12,8
10353,9,495,88,42,67,3
14363,19,659,11,76,1,9
11616,20,457,16,81,115,1
13092,11,737,54,68,46,6
14955,14,505,22,52,21,8
14920,12,154,39,65,34,2
12325,0,1197,67,77,99,8
13940,13,791,85,23,72,4
14277,12,209,22,42,129,3
13317,13,906,62,37,79,9
14794,2,847,02,51,83,2
10971,5,681,81,61,78,10
11094,10,908,1,93,53,9
11200,0,682,11,10,51,8
12306,5,1186,58,83,121,10
12440,0,1031,33,22,152,7
13437,4,1226,87,57,76,9
10826,10,291,75,37,185,3
14221,6,231,59,71,181,8
11474,7,758,4,54,146,8
13071,4,821,58,92,172,9
12986,10,420,12,88,164,3
12505,17,314,94,89,191,4
14124,17,117,2,99,79,3
13332,1,553,97,6,133,5
10582,17,26,26,33,177,5
13726,20,1164,94,88,126,5
14021,19,1142,63,99,193,3
11588,5,749,12,92,39,1
14335,1,66,02,85,46,5
14250,16,640,47,3,37,9
10764,2,302,17,94,90,6
10578,17,219,96,50,46,7
14281,8,805,25,63,136,7
11475,18,133,97,43,181,10
11590,13,1001,93,42,72,10
10704,6,496,91,63,41,6
12511,4,242,02,31,182,10
14562,4,718,64,49,191,4
14070,8,399,41,35,163,4
11622,19,1081,73,93,49,10
14503,4,921,13,68,147,5
11810,10,1129,35,70,127,8
11230,4,564,96,57,28,5
11376,10,721,23,85,103,1
12001,5,838,52,28,0,10
10189,5,772,87,11,111,8
13942,20,1139,9,86,172,1
11527,20,371,01,11,56,2
14709,17,753,32,15,16,3
14049,3,380,8,23,52,7
10993,19,478,83,200,7
14267,20,496,29,93,187,2
12947,6,385,52,2,143,8
14822,11,406,27,6,182,8
14364,14,996,89,48,106,5
12680,6,777,17,105,2
12974,5,1147,91,45,73,7
10534,17,654,26,13,189,9
12443,5,874,19,37,168,1
12989,4,792,61,20,107,1
11557,13,329,03,67,123,7
10560,6,865,4,47,64,9
13043,13,301,69,87,127,2
12408,9,47,87,86,78,6
13107,8,94,68,1,133,3
11142,6,1185,02,82,12,2
10430,13,874,21,25,200,8
13695,3,485,11,53,38,4
13248,7,893,88,100,177,8
11823,19,697,86,70,33,8
10934,7,549,93,42,59,3
10333,10,123,56,52,70,8
13907,8,273,57,73,60,1
13965,12,487,9,26,159,5
13055,3,327,32,51,112,5
13394,8,153,37,18,100,6
14313,7,273,76,7,25,2
13452,20,1160,96,92,185,6
10280,17,403,62,54,190,8
13819,2,1119,23,13,111,10
14155,9,502,15,83,83,6
13603,8,410,49,54,200,1
11090,13,43,2,96,44,10
12907,14,1044,12,27,48,9
12368,12,742,25,67,11,3
10929,19,1001,06,41,110,8
12677,13,1200,91,70,26,4
14979,15,1023,32,13,65,7
12242,5,623,51,26,126,9
14590,1,26,64,77,24,5
14941,0,201,5,57,47,1
12671,11,152,54,54,32,6
11848,11,31,5,94,15,1
14127,13,609,91,52,101,2
12130,6,1198,98,96,38,7
11579,12,206,34,72,61,10
13196,15,1073,09,15,13,2
12230,0,200,53,23,124,5
12111,18,68,46,43,59,10
13457,9,771,65,74,140,10
14074,5,104,73,61,154,1
13375,2,297,14,28,18,3
11265,19,1212,48,15,89,7
12878,18,667,67,6,93,7
12470,2,962,31,82,162,1
10371,18,1023,7,28,108,5
11190,12,504,02,12,148,1
11055,6,1062,39,98,9,6
12759,3,437,98,46,111,5
10796,13,299,47,9,41,10
14865,17,1044,81,6,26,3
12952,11,104,14,27,187,3
14161,15,1148,15,44,1,8
12715,17,509,39,52,174,10
12999,19,738,08,87,15,7
11246,2,447,35,23,160,8
14069,16,550,73,86,172,7
12315,19,66,04,41,137,9
11321,12,853,04,17,65,2
13285,7,694,18,26,199,1
11586,3,22,88,12,137,5
13998,14,793,76,27,165,7
13521,18,927,03,80,91,9
12990,10,945,74,20,196,4
10839,12,15,23,59,84,1
14509,1,635,14,17,46,4
14023,17,86,59,16,129,10
14334,9,1154,21,50,120,5
12187,7,501,13,28,200,9
11830,20,1219,56,50,64,4
10062,11,498,07,54,29,7
11664,9,799,84,17,71,5
11294,15,93,1,55,155,2
14946,14,1092,9,3,153,10
10160,16,638,48,32,188,6
11693,18,516,58,11,186,8
10620,11,583,35,7,36,8
10158,10,706,31,1,53,2
11580,3,126,14,42,41,9
12612,15,983,44,30,161,8
11660,4,277,1,82,49,6
11112,10,702,31,90,102,2
13486,11,441,59,19,49,1
11358,1,1012,39,44,8,8
14613,18,1178,8,21,2,3
11403,11,11,27,50,196,9
11829,18,476,55,62,89,6
11814,2,36,84,93,31,5
13739,14,942,32,25,109,1
14159,3,69,52,67,51,3
12061,3,733,9,49,172,8
14653,0,433,39,18,8,6
11918,2,99,92,61,44,7
14759,9,748,69,46,119,2
13601,18,123,25,45,35,10
10366,20,74,86,85,147,5
13623,1,911,76,48,165,2
10399,17,534,12,87,149,10
14042,18,903,83,100,168,3
11591,8,355,48,71,107,7
14791,16,715,19,64,176,6
12117,14,870,23,83,199,1
12838,14,534,14,69,64,6
13827,5,354,64,70,40,9
13288,5,135,74,33,94,7
13729,6,1074,91,87,198,3
10751,3,217,85,52,71,7
10520,14,19,91,10,47,2
13730,2,1193,76,23,160,3
13122,9,262,65,96,131,4
10433,0,103,13,44,114,6
10965,0,988,89,68,108,7
14061,12,471,25,84,40,6
14842,7,458,19,32,74,5
10930,2,362,28,5,47,10
10455,9,72,81,48,195,9
11077,4,374,55,51,134,4
14723,11,488,92,60,169,6
11894,8,1055,29,61,101,9
11420,15,297,8,78,117,10
13156,8,369,72,34,157,6
12046,11,559,66,74,164,9
12407,1,561,41,76,118,5
13646,13,243,5,95,54,5
13928,2,924,55,26,163,8
14874,1,208,21,12,163,4
11442,12,830,9,41,169,10
13949,5,827,14,94,71,10
11054,15,895,04,29,107,2
11396,0,76,56,26,112,5
13689,6,343,67,81,79,4
10947,3,580,57,61,43,5
13173,10,528,67,24,72,9
10086,5,817,03,2,97,5
14641,11,864,19,74,66,5
10068,5,263,91,13,181,6
13969,7,1037,14,93,138,9
10726,19,1177,73,3,64,9
14616,18,507,55,9,35,7
10121,6,1079,91,47,71,2
12365,2,709,9,34,54,9
11437,20,140,25,75,18,10
11318,7,278,44,4,130,7
10578,13,183,17,32,191,10
13467,18,1143,38,23,95,3
10300,13,153,99,88,11,1
11745,2,425,08,69,117,2
10057,3,1101,65,31,2,4
10830,6,1068,76,15,187,5
10575,4,885,88,48,124,7
14730,0,764,11,13,68,1
10406,2,559,63,54,113,7
14399,8,812,53,10,91,2
12652,18,431,38,56,157,2
10996,11,555,65,70,162,1
13916,15,812,43,65,137,5
13495,7,1041,96,94,90,2
14443,19,747,99,65,110,1
13056,19,69,99,35,149,2
12542,19,1150,52,34,102,3
11883,20,984,58,76,47,6
13803,8,402,96,9,177,9
14806,11,1153,31,74,9
10416,12,213,15,27,98,2
14236,20,720,61,98,169,7
13912,13,733,46,55,147,6
12418,1,129,12,73,23,7
12309,8,622,2,11,87,1
14479,15,468,72,4,45,2
13751,18,661,31,8,105,1
13857,9,55,31,31,187,9
12123,17,93,47,57,161,7
11984,5,476,48,93,172,2
13969,19,342,19,89,56,8
12774,20,402,43,33,40,4
14829,12,138,09,21,35,2
13144,16,430,36,33,26,1
13466,20,513,5,45,21,2
10439,6,264,04,14,142,3
11626,10,671,66,71,45,7
13085,3,631,73,71,162,9
14205,14,378,08,91,192,6
10022,5,799,32,68,157,6
12160,1,789,61,31,71,9
11047,18,482,34,87,101,5
11636,0,690,87,68,2,1
14833,11,458,64,63,140,1
12448,20,657,55,67,144,5
12210,1,285,42,14,100,7
14562,1,930,6,88,33,4
11179,2,777,75,27,112,9
14306,4,1196,33,80,41,4
13157,9,243,18,92,127,7
13268,3,140,62,18,98,8
10615,16,850,44,4,24,3
10865,13,365,86,40,55,2
13567,0,986,72,69,165,9
11389,6,1095,15,80,175,1
12592,12,893,72,29,157,4
14646,9,215,25,38,63,5
14022,17,298,42,79,132,8
13371,0,1169,66,54,185,2
12732,13,184,54,51,21,10
14905,5,512,69,81,118,2
13080,15,57,14,20,18,7
12333,13,296,34,47,14,7
10346,6,946,48,29,6,1
13871,0,543,64,97,181,9
14294,10,82,71,2,99,8
10635,20,1086,16,68,68,5
14561,11,749,86,7,92,4
14929,6,974,69,3,160,9
13841,6,1023,28,11,144,1
14114,2,901,42,89,63,4
13512,17,167,57,42,172,6
10454,17,232,08,8,65,10
10090,11,638,68,82,137,7
12024,15,1091,3,20,19,2
10035,12,990,92,20,4,8
10475,1,695,18,25,23,1
12146,17,90,13,86,123,3
10576,20,325,91,29,150,4
14079,4,377,62,43,82,2
11707,0,1057,56,4,19,4
13213,19,177,71,100,82,3
12593,4,349,07,41,28,6
11829,19,53,5,81,143,4
10765,13,155,54,54,56,3
13211,3,890,02,31,142,8
11524,19,225,9,33,105,6
12196,10,869,42,36,18,9
12533,13,172,75,67,133,6
12879,19,129,95,69,173,2
13621,4,604,92,76,52,1
14362,9,871,95,60,35,3
14728,12,832,2,78,135,9
10069,3,112,72,99,62,2
12835,14,1123,4,32,155,6
13043,7,582,04,21,33,1
13646,10,331,42,1,124,4
12921,11,1056,36,1,101,4
12648,10,486,11,67,177,1
12163,4,403,53,36,17,1
10008,0,129,43,20,181,3
10563,11,825,33,17,15,1
13775,17,1027,05,30,17,7
12550,10,613,44,100,85,8
14609,15,55,81,31,158,4
12770,6,547,73,19,178,1
12555,12,736,02,56,16,9
14171,18,771,47,82,53,4
14403,9,1089,45,44,109,8
12896,13,894,45,84,33,5
10938,16,790,65,54,169,4
14883,15,1221,63,90,96,4
11483,14,136,39,18,87,2
12311,11,1231,53,78,32,1
11819,6,1078,98,52,57,9
12719,7,1018,53,18,117,6
10748,5,954,79,4,89,4
11869,2,1000,32,39,30,7
12557,6,363,83,35,73,5
14186,5,152,49,98,39,9
10307,9,545,57,5,143,6
10775,2,984,69,93,167,6
13418,3,107,03,43,120,5
14236,20,576,62,41,183,1
14978,17,196,5,60,87,8
12706,0,221,32,89,26,8
11523,11,510,36,82,95,4
12319,0,834,49,13,171,9
14996,10,314,44,56,187,10
12841,17,1058,94,30,53,10
14133,0,308,98,35,175,3
10036,6,782,41,38,10,6
10525,16,1102,37,38,54,1
10311,2,59,32,97,21,5
10869,2,931,28,80,107,9
13713,0,662,47,14,163,7
10806,13,534,74,98,187,6
11650,11,471,45,12,41,10
11623,5,1080,24,27,161,10
12606,5,787,23,68,119,9
10883,0,275,16,9,193,1
14880,8,664,47,22,54,3
11032,0,1019,74,68,128,5
10315,20,1107,6,1,146,1
13323,0,1033,19,10,106,9
13971,14,499,88,64,54,3
14087,11,983,06,48,114,2
13316,11,944,15,25,136,4
14320,16,750,15,86,183,7
13183,16,1093,54,38,131,6
13270,4,192,36,48,155,3
14361,1,545,85,42,145,6
11670,17,605,78,80,30,4
14955,2,104,92,86,33,9
13338,14,906,69,29,102,10
11204,5,342,82,2,32,5
13593,13,748,05,30,23,10
12090,0,237,85,27,93,1
12610,8,1155,84,63,35,5
11443,3,608,69,79,144,10
10641,6,1193,42,36,69,4
14438,18,896,97,28,102,4
12949,9,360,31,1,164,7
11051,13,422,33,28,10,4
14716,4,875,64,24,151,2
11286,15,210,14,53,62,2
13329,19,47,5,63,84,2
14541,7,66,52,19,101,3
12438,8,342,6,10,52,1
12434,8,1033,08,41,81,6
13348,11,1044,17,12,50,5
13661,20,616,7,96,89,6
14698,16,300,97,18,189,9
11639,17,779,35,97,67,8
12626,3,357,98,8,38,1
14512,12,256,15,59,39,5
12105,14,745,43,21,99,9
14436,20,245,48,94,159,1
14439,19,801,94,66,192,9
13894,5,593,91,21,72,9
12632,18,936,88,2,72,8
13688,5,852,7,86,141,9
11678,15,63,49,37,88,4
12210,0,1138,47,31,62,2
12405,13,1122,02,32,119,1
14466,1,549,01,22,134,6
14065,7,1097,61,85,127,10
10640,0,1062,98,91,136,7
11189,14,272,21,85,187,1
14054,11,835,1,17,94,9
12124,3,722,21,69,93,2
11648,17,564,42,95,100,8
14104,9,53,35,78,57,6
12330,5,697,64,5,188,4
13398,1,777,64,74,117,6
13237,10,1004,89,97,164,4
14882,5,278,71,66,39,7
13038,8,721,77,54,108,5
10734,7,1037,23,53,112,9
10090,10,432,17,97,197,4
14641,9,290,04,49,0,5
12673,16,450,39,16,8
12325,16,446,24,6,42,7
12182,14,253,71,61,93,6
12554,17,126,82,10,196,6
11191,12,671,32,46,42,10
12475,5,1121,51,24,49,10
12317,1,1159,04,52,76,3
12795,20,779,09,33,98,9
10438,14,894,23,27,33,4
12426,19,1004,41,40,30,10
12279,13,157,19,72,132,7
12391,8,680,27,68,137,2
13307,2,979,58,79,115,1
12984,17,297,33,64,57,1
13121,10,1072,41,7,154,1
14536,7,450,54,21,139,5
14652,20,303,89,100,23,4
14016,5,409,16,50,157,1
10230,5,937,22,70,182,10
14377,19,1221,28,74,69,3
13627,15,771,84,57,5,8
12150,13,520,63,37,37,2
10670,16,494,57,98,88,10
13155,2,575,83,2,38,2
12676,3,232,45,27,128,1
10330,15,107,61,68,107,5
14900,3,203,15,54,175,7
10049,5,752,91,50,73,5
14129,1,436,49,30,24,6
10056,20,247,24,4,11,5
13573,19,342,51,1,31,2
11733,12,980,11,44,93,1
13718,2,1200,46,6,775,9 
11743,19,430,69,67,153,1
14249,16,40,16,20,58,7
11700,17,1119,77,18,6,7
14328,2,783,75,100,180,3
13534,9,358,43,24,11,9
11846,1,935,27,47,183,1
12543,3,219,23,100,194,5
11899,9,432,8,85,150,5
14421,18,812,55,37,10
10070,2,70,02,82,0,8
14527,12,867,58,56,89,7
11923,9,676,73,29,147,6
14495,19,467,68,68,128,7
12395,16,254,14,28,52,8
11634,17,388,25,77,1,2
14060,5,177,67,98,65,2
12766,16,69,86,74,59,6
10936,12,855,95,98,173,6
14199,3,239,49,26,138,3
14054,14,1034,01,39,167,2
12309,10,13,8,60,80,4
10096,6,752,41,80,46,4
13296,10,1222,88,90,177,3
12691,5,903,41,8,4,4
14018,4,391,28,10,155,8
10105,8,387,31,9,53,4
12753,16,183,81,77,114,5
13026,16,1028,38,70,139,5
14822,10,1117,37,40,129,3
14843,18,580,96,74,60,1
12639,9,885,79,21,53,6
10471,11,905,85,19,164,2
10051,3,180,05,77,65,4
10838,0,521,71,34,167,8
13615,14,430,18,57,74,4
10356,19,394,23,14,2,2
11313,14,588,42,14,155,9
11601,8,899,61,39,194,6
12004,11,854,48,88,146,10
10852,0,390,5,38,1,2
10205,14,60,95,36,180,7
14147,6,1196,88,83,13,2
13161,3,1128,85,59,39,10
11039,15,714,54,38,26,8
10328,7,156,7,60,64,9
12491,3,339,23,14,167,8
12393,2,573,53,23,48,1
13668,12,230,46,31,196,5
11842,18,435,08,18,16,9
12253,11,334,78,37,109,4
14328,6,516,89,20,94,7
13217,9,934,02,45,48,2
14799,3,1228,71,65,147,6
10919,18,920,32,53,11,6
13651,0,446,32,95,178,7
13274,20,917,49,29,161,3
11191,4,173,62,17,52,1
10192,6,585,92,70,92,9
13853,2,935,68,29,126,8
11500,1,785,66,82,57,2
13562,10,1159,29,67,114,7
13706,7,813,11,23,149,7
14469,3,1138,96,61,58,5
11618,19,200,89,74,139,4
14771,17,752,39,6,96,9
10825,5,951,56,51,177,9
12077,4,95,39,44,83,4
12581,19,532,7,89,198,9
14165,7,422,01,93,95,2
11849,10,284,38,6,137,8
12719,14,1083,52,26,124,2
14593,5,599,53,22,127,8
12155,17,480,71,36,26,4
10159,5,563,36,78,128,1
13185,10,649,47,31,72,4
14678,17,898,6,34,116,3
12389,3,951,1,9,132,7
13610,9,822,49,4,25,2
14140,16,711,66,85,124,6
14028,11,612,5,37,119,7
10035,19,573,88,73,13,5
12422,3,510,02,68,38,7
14219,17,1094,17,92,18,3
13839,11,556,58,13,42,4
13128,2,595,61,40,158,7
11004,13,491,17,1,13,3
11514,6,424,27,94,113,8
11882,9,1207,64,50,77,1
13962,5,270,43,90,133,1
12705,14,780,44,63,80,9
14926,2,125,14,33,70,8
14397,0,1239,86,78,67,5
14353,8,1185,72,19,8,8
10499,13,1191,72,73,200,1
13349,6,296,63,126,7
13443,14,1129,58,32,141,10
12225,9,253,92,83,136,1
10127,3,367,39,69,91,8
12811,13,185,45,12,41,8
12482,1,357,31,90,132,4
10223,3,64,74,53,145,4
14719,20,460,73,88,17,7
11225,18,31,94,79,190,2
13258,3,381,85,80,135,6
11689,0,84,23,58,140,9
11047,18,264,16,47,7,2
13749,16,1119,04,54,79,7
12039,16,650,97,36,167,5
12301,8,169,61,90,5,2
14934,10,1178,69,68,12,6
13057,19,774,98,19,73,6
13081,15,923,78,34,115,7
10294,6,522,77,1,150,1
13437,6,716,68,46,174,3
14367,15,865,72,14,71,3
13470,10,775,98,49,188,9
14903,16,287,85,91,121,6
14021,16,601,05,7,35,3
14426,14,296,1,86,117,10
13828,14,1065,35,37,123,3
10248,12,594,95,86,70,10
14159,17,660,44,9,125,4
13903,5,546,35,36,52,9
11932,12,946,99,45,76,7
14382,2,507,88,96,178,7
11795,6,200,61,33,63,3
11291,18,958,88,58,30,10
13008,4,767,19,40,126,1
11991,2,974,65,46,159,10
14757,0,247,97,60,37,1
11936,5,481,42,53,134,4
13210,15,288,69,35,52,3
13706,15,920,68,93,97,4
12319,6,1137,42,34,41,5
12807,3,359,88,47,23,9
14711,14,1008,78,58,139,2
12608,9,1032,96,57,128,7
14745,0,158,49,24,30,2
14078,2,206,45,16,69,5
10441,17,1231,81,23,39,4
14489,0,344,41,41,199,7
13770,15,1124,28,8,168,4
12727,3,882,45,62,168,2
12334,4,264,25,93,149,4
11379,20,311,87,35,184,8
13165,4,292,82,2,112,4
10188,6,932,53,47,5,10
12852,6,990,52,11,18,10
11066,17,43,26,53,19,5
14084,10,139,42,57,138,6
14861,0,901,18,43,147,6
14802,14,809,72,99,39,1
12766,5,1240,83,68,26,2
10929,5,308,72,81,110,7
14374,11,699,33,81,0,1
13467,12,156,42,59,103,3
14119,12,326,12,100,198,2
14561,4,493,28,68,86,1
11747,19,162,2,26,81,2
10731,2,467,02,19,43,7
14773,14,714,47,1,116,2
10296,10,634,75,66,163,5
11826,15,321,56,86,168,3
13192,9,770,28,42,188,4
13007,19,143,07,29,85,8
12344,9,1124,82,27,26,4
12775,7,650,82,89,153,10
12555,12,555,75,47,156,3
13630,8,1228,56,34,20,7
11976,3,576,61,92,43,3
14206,13,894,14,36,145,9
10376,15,598,96,42,111,7
10841,7,1104,81,6,96,7
12680,20,1006,19,64,12,9
12438,14,818,32,35,3,2
12266,20,1036,5,85,113,9
12591,8,502,61,45,13,8
13779,3,1047,97,78,143,5
14808,9,286,36,14,131,6
12032,4,401,55,96,195,3
10329,16,788,64,64,108,2
11556,4,961,98,40,159,3
14335,7,353,17,61,35,7
13115,18,11,83,94,133,4
12113,7,742,16,74,118,7
13597,4,1066,4,89,126,3
12033,6,558,98,36,101,5
12871,12,807,23,37,159,1
11526,2,711,12,55,165,4
11019,6,241,36,95,160,4
10872,14,250,58,11,60,10
12612,7,452,11,15,70,2
14813,11,53,8,88,116,8
13108,18,33,46,40,59,8
10941,19,628,62,85,165,6
10735,7,1127,05,19,145,2
14463,7,589,42,99,95,8
10672,16,1182,79,88,60,3
12430,7,843,35,17,159,5
14378,3,1145,86,62,11,1
13189,17,614,58,77,15,3
12064,20,607,32,24,164,4
10029,7,604,01,69,172,1
11608,14,206,04,85,159,5
10933,1,1216,87,86,55,2
10047,9,850,84,12,141,4
10930,17,208,09,56,135,4
14802,10,331,04,26,191,2
10026,13,510,14,45,160,7
12903,5,334,84,38,167,8
13204,7,486,75,96,12,2
12994,1,381,44,50,184,7
12114,16,561,38,88,119,4
10550,3,332,8,64,160,4
11729,0,146,43,47,149,7
10033,7,784,49,18,146,4
11552,2,211,3,75,90,7
14515,17,703,27,42,23,7
12466,1,1181,94,61,136,7
12001,8,132,44,26,195,5
12311,13,294,53,38,132,6
14911,10,884,55,96,174,1
14340,6,374,14,62,111,10
13813,0,666,9,34,113,6
12820,2,1182,72,68,184,3
11014,19,933,22,94,79,5
11718,1,83,68,92,80,7
10151,0,1223,71,91,132,2
11785,2,868,05,88,56,4
10471,14,109,86,56,169,9
12318,1,609,04,99,75,6
12129,18,1192,62,16,2,1
13615,12,932,16,31,116,5
13710,17,957,18,16,12,8
10435,6,1002,68,29,149,4
14546,20,523,64,52,155,6
11010,11,681,18,22,131,10
10317,8,1197,6,8,136,2
14782,19,415,34,14,133,9
11496,12,547,42,22,200,3
14268,16,351,81,17,84,5
14011,12,687,32,69,76,7
12208,9,29,36,39,9,5
13378,14,671,32,54,157,5
14477,7,689,96,33,32,7
12908,15,56,83,49,128,1
11692,13,1120,62,33,99,2
13026,8,987,92,58,111,2
10570,10,1240,49,50,100,10
14903,9,166,62,44,85,7
13146,19,77,54,59,6,2
11094,8,536,54,51,121,8
14559,10,317,06,82,146,2
14724,0,794,16,75,79,10
11609,19,926,8,48,63,10
14351,3,412,86,56,7,8
10899,1,298,04,38,168,7
14101,9,49,09,78,150,2
12859,8,106,19,19,90,1
12649,13,975,35,91,159,5
14648,16,222,85,90,95,3
12420,20,1020,16,33,160,5
13621,20,154,93,42,100,2
12245,9,550,86,100,153,9
12904,14,854,71,4,110,9
14136,19,94,89,64,60,2
12789,17,383,3,63,20,1
10907,20,106,99,1,106,6
10977,2,526,59,39,144,2
10172,18,975,39,59,105,1
13443,14,692,56,100,1
10119,7,55,61,71,129,7
10333,15,176,85,36,84,5
10527,6,775,69,58,91,7
14077,12,82,08,76,0,6
10463,4,158,36,93,0,3
12792,16,1143,64,58,59,7
13590,15,464,42,27,66,1
13585,8,1128,33,43,70,1
10531,12,816,66,16,102,8
12988,13,1210,24,21,39,7
12566,10,123,68,63,176,1
12646,0,279,07,98,64,10
12382,12,240,34,24,174,2
10145,3,1067,87,4,139,9
10912,0,1068,44,29,27,9
14322,15,1189,22,44,98,3
11440,19,806,43,54,106,9
14653,5,1203,84,55,116,10
13104,20,334,17,50,138,4
14394,5,734,36,76,38,7
11142,6,382,74,48,46,8
14523,10,489,73,33,22,2
14023,0,302,11,84,119,8
13081,5,1166,46,83,174,5
12220,13,596,79,75,104,1
13018,7,635,11,12,26,8
11845,14,237,7,98,118,1
10946,15,688,09,67,111,2
14291,17,1069,43,42,0,8
10033,12,256,65,29,125,4
11426,6,1066,96,7,88,7
12757,18,634,67,82,72,2
14433,13,358,48,42,158,5
13023,12,310,85,28,160,1
11038,7,1119,38,73,1,2
10451,16,1173,12,55,106,3
13451,13,301,11,72,169,8
12117,16,647,64,43,30,8
11506,16,606,7,31,82,8
14092,16,674,93,65,162,1
11528,9,974,42,33,15,6
14058,2,580,13,29,13,4
12909,2,396,12,67,155,3
12466,18,449,28,5,59,9
10137,5,251,23,21,77,3
13778,2,598,4,10,151,8
12378,17,804,18,51,131,5
14945,8,687,45,15,159,2
12029,11,385,18,61,47,4
10983,8,502,77,63,111,7
13100,12,287,94,33,133,9
11367,7,253,7,1,136,8
14839,12,1104,8,3,39,2
10202,9,252,49,61,153,7
12929,4,16,26,63,101,2
14495,1,157,51,60,5
10216,9,496,04,6,53,5
14481,0,1081,05,72,80,5
11227,11,906,35,41,101,1
10012,12,249,33,80,26,9
12337,14,478,14,56,12,7
10453,15,296,83,34,192,8
12090,15,181,8,16,109,6
11334,6,250,77,29,18,8
11437,1,18,56,61,80,6
11149,19,1194,98,53,179,10
11278,7,716,21,114,1
14201,13,76,81,98,160,3
11383,9,813,33,83,56,9
14914,12,322,65,30,125,1
14946,8,217,09,24,105,9
11420,12,470,44,71,100,3
10322,20,1214,68,31,35,1
13257,9,825,05,39,21,5
12918,12,477,99,34,44,8
13843,10,309,74,25,8
11102,9,87,4,76,130,5
11791,14,473,34,81,100,10
10840,20,1196,12,28,24,10