order_id,product_id,unitprice,quantity,customer_id,weirdnumb,employee_id
13582,9,331,73,22,3,3
13223,2,386,7,37,114,4
14199,6,118,66,21,122,10
12842,19,1137,52,53,91,2
12245,5,246,52,17,89,5
10175,0,898,63,96,7,1
14563,10,508,16,75,149,7
13555,12,475,26,63,90,4
14887,5,858,4,84,60,7
14191,10,450,31,64,68,9
10153,8,669,58,23,189,1
13209,2,866,03,5,73,4
12380,3,757,24,87,185,7
12865,19,867,16,98,110,3
11308,6,235,51,80,73,2
10267,20,844,8,32,155,3
11666,4,781,95,44,192,5
14750,9,537,76,96,172,5
13952,15,552,24,29,189,3
10488,13,151,46,56,107,3
13445,5,398,03,88,38,3
10836,15,1045,51,78,34,2
14644,11,162,98,66,93,9
10322,13,1196,46,78,34,9
11438,20,439,06,12,127,3
14966,15,248,14,89,13,10
14759,16,753,58,27,94,5
13643,11,231,25,27,132,3
10437,8,550,58,39,138,2
10918,12,104,85,77,191,4
11611,18,40,46,81,131,10
13685,3,518,56,41,32,4
13943,13,696,52,90,0,1
14440,3,462,96,25,67,1
10371,0,655,01,53,10,10
10315,11,505,78,10,26,4
13724,14,1213,8,33,19,9
11736,8,307,35,11,65,1
13105,10,1005,46,45,148,9
13505,6,505,99,99,53,10
12652,6,374,66,40,141,6
10484,3,638,68,52,142,7
13079,13,92,93,23,111,2
13954,9,375,51,20,66,10
11371,1,66,73,30,50,6
13986,5,139,54,50,141,6
13162,0,259,99,54,155,3
10237,4,822,35,59,180,6
13095,19,512,23,57,180,6
10794,9,379,59,19,77,7
10769,20,304,04,100,11,4
13394,16,427,11,95,46,7
14558,19,236,85,40,68,4
14889,16,112,58,40,16,6
10790,17,729,7,16,151,9
10873,15,364,25,40,1,5
12001,6,656,13,19,184,1
13350,1,639,41,48,53,1
11632,2,747,16,60,137,10
12431,15,759,37,8,53,1
12216,11,548,59,7,136,7
10113,5,248,31,53,77,4
13573,11,775,81,53,98,2
10562,12,551,43,14,117,4
14539,13,1081,32,73,12,4
12590,8,668,84,69,3
12706,11,199,22,10,121,4
12071,9,684,07,21,161,2
11651,16,916,48,40,113,10
10145,19,225,81,20,152,4
13967,6,679,97,54,179,5
10187,3,923,91,19,122,2
12394,7,614,89,43,68,8
12462,20,1023,71,90,72,10
10018,14,354,49,31,40,3
10835,10,821,72,8,160,5
14029,3,652,62,74,48,8
14986,12,907,97,89,99,8
11189,20,1028,52,99,154,1
14402,1,786,85,29,15,4
11281,4,134,87,21,25,6
13691,1,838,44,84,10,3
12667,7,1155,57,13,101,3
14224,3,1050,3,7,42,9
10741,9,194,82,28,26,1
13136,7,31,81,79,92,9
11850,18,173,35,36,78,1
13604,3,510,51,80,70,2
14857,12,836,98,16,187,4
14866,6,242,65,66,90,8
12314,3,1212,13,75,164,9
13507,2,1083,1,88,109,8
13502,2,812,01,64,146,5
10179,3,974,91,56,6,3
12656,0,759,92,81,116,6
14632,11,953,34,46,186,8
11167,13,811,04,26,135,7
13207,11,430,19,83,122,10
13443,14,910,62,66,34,2
11288,4,1244,68,26,150,7
13229,5,731,06,27,180,4
10618,6,715,08,14,21,10
12644,2,1076,81,193,1
14216,5,769,9,73,3,1
14052,2,310,89,79,82,7
10510,2,575,65,1,172,5
13694,0,171,57,90,104,1
12348,1,1055,52,4,183,4
11829,14,689,17,23,187,8
13279,15,804,79,60,177,1
13411,12,644,93,121,7
14950,3,1002,05,55,115,2
10729,4,192,45,15,83,4
12300,13,191,12,15,182,10
11276,16,524,18,82,81,6
13970,19,1037,06,78,151,9
14471,14,473,29,7,141,6
14029,8,789,65,93,12,7
14415,0,301,51,1,50,7
11286,3,31,14,2,126,2
12215,9,558,22,19,114,1
14539,14,260,47,19,42,1
11420,0,1060,1,57,184,5
10802,6,380,2,80,45,4
12682,5,1162,3,41,182,8
13356,2,317,48,34,132,6
12496,6,914,21,49,64,2
12832,2,628,14,49,101,6
11496,5,640,51,10,129,5
10433,18,827,08,20,137,5
14597,11,758,24,8,1,2
11583,13,1215,17,72,107,9
13630,19,1180,31,87,150,7
12908,15,751,87,88,33,2
10501,5,1160,27,10,23,2
10026,16,453,98,25,172,5
12707,16,1059,01,96,1,4
11886,16,976,13,7,54,9
12117,20,389,99,3,54,9
10536,0,878,89,71,160,1
14202,15,373,89,71,82,9
13794,10,1147,83,31,13,6
11665,9,484,86,54,155,5
12752,0,682,8,48,126,8
14724,18,529,38,54,110,6
14154,7,913,15,50,146,9
13626,17,861,14,73,19,3
14545,9,860,96,25,40,9
10838,17,1046,36,72,84,5
14289,12,69,97,40,43,9
13699,2,509,38,94,131,5
14294,7,1002,98,27,14,9
12289,20,1051,93,96,83,7
13918,10,677,23,22,64,3
12375,10,1076,99,31,41,6
10807,18,27,81,78,22,1
12900,6,901,24,32,180,4
13902,7,934,91,16,52,10
12049,9,382,89,46,172,10
11731,3,1109,27,31,130,10
10462,14,331,74,3,138,10
10214,4,361,62,97,181,10
12730,2,1062,34,30,160,10
12686,20,206,53,14,170,3
10933,7,921,12,9,54,7
12171,13,445,76,23,151,9
14392,12,923,75,78,19,6
14338,15,1118,78,68,165,2
10284,3,785,78,81,170,4
10452,12,1021,2,28,95,10
10154,6,1244,44,12,107,1
11605,13,480,69,55,199,3
10681,0,1064,35,8,141,6
11788,3,52,02,2,46,3
14811,10,709,23,40,4,9
10458,4,653,5,49,4
11745,19,875,16,59,32,7
12262,18,184,97,7,176,6
12473,14,965,06,67,109,2
10817,14,367,44,27,65,5
12652,7,378,3,25,149,4
14669,13,92,96,80,146,4
13815,3,1199,71,64,118,2
10109,13,981,8,3,96,3
12821,13,609,16,42,15,10
10033,17,29,31,99,72,9
11844,10,459,1,43,45,5
13786,3,144,65,93,103,4
13011,19,1189,57,86,86,4
14747,1,59,09,93,31,9
11951,4,62,95,94,59,2
12435,3,46,21,89,198,4
14626,17,27,34,28,152,6
11710,5,21,85,73,174,3
10738,18,206,9,60,35,22-02-2,15,224,24,68,21,9
12149,18,1192,11,75,35,8
11493,14,239,7,41,125,3
10473,13,24,19,39,36,6
12693,12,802,21,39,5,8
12327,10,440,96,84,93,3
12892,18,762,43,42,140,3
14304,5,1137,75,36,167,1
14640,13,495,75,91,37,10
14238,0,521,26,113,3
13506,16,418,31,77,35,3
11946,20,899,07,99,192,8
12398,0,238,22,22,106,2
12373,15,93,25,15,88,7
13237,3,1161,76,32,45,6
13747,17,838,45,54,55,4
12581,19,997,68,6,81,1
11935,7,612,93,78,77,4
14288,17,887,79,84,117,7
11133,12,731,85,96,127,2
14169,20,516,27,93,25,9
13096,16,452,94,38,126,2
10499,14,1068,9,4,148,2
10560,19,382,05,58,26,4
12936,4,426,9,59,80,3
12389,4,752,84,3,19,10
13588,2,578,03,3,148,9
13912,0,1073,85,153,8
13261,5,323,98,7,166,2
14007,19,35,82,69,145,10
11843,1,110,11,56,58,2
13832,14,639,72,84,87,2
11337,1,1225,56,24,67,1
10810,15,282,78,30,163,5
12341,6,486,12,81,191,5
11462,6,626,54,20,161,5
14669,20,494,51,40,87,9
11412,3,526,59,48,155,6
10738,11,854,81,86,132,2
13847,18,454,89,66,43,8
12873,5,538,01,76,4,3
12576,2,615,38,83,143,4
12226,15,995,4,52,51,10
13241,13,865,93,92,171,10
10301,0,511,13,39,146,3
14795,14,932,45,81,142,4
11495,18,201,78,78,83,8
13948,20,283,37,44,38,9
10443,13,902,48,9,116,7
12315,0,1147,35,31,69,7
13978,15,1190,35,92,14,10
11549,10,731,81,41,146,5
14963,0,1012,27,5,91,4
11284,0,963,76,16,132,5
11893,3,164,7,56,171,3
12834,12,80,2,4,180,9
12089,11,31,61,21,107,9
14487,15,91,59,61,149,1
12138,20,958,5,54,144,1
13957,1,916,68,19,98,5
14201,1,213,92,30,59,4
13124,19,1036,21,6,157,7
11191,11,1210,09,99,35,10
10597,5,144,57,52,113,5
13432,8,677,9,12,102,1
10140,12,1185,28,19,158,5
14158,18,371,38,25,156,2
11767,16,498,91,2,45,2
10247,12,918,98,82,185,2
11011,18,464,21,27,200,8
13088,8,788,62,71,45,3
11699,5,340,86,40,115,6
10903,8,636,63,51,138,10
14961,7,423,6,48,4,7
10001,3,1038,16,64,69,8
11794,7,734,89,47,182,4
12042,7,1066,58,38,113,3
11215,12,1220,03,35,58,5
13577,18,1010,25,48,155,2
11658,6,954,04,53,112,6
11497,14,1152,11,16,46,2
10962,17,411,9,20,195,9
14781,15,568,77,3,193,5
11845,12,416,75,36,5,4
10336,16,1178,34,56,176,4
14035,9,980,02,38,103,4
10496,7,663,47,48,77,10
14178,1,1177,89,93,147,8
13080,8,602,55,34,186,5
10163,6,1131,96,34,98,5
14695,19,1199,21,42,39,4
14188,11,693,23,90,53,5
13980,17,752,85,22,101,9
10373,2,125,57,43,53,8
12811,15,469,41,12,14,5
12729,12,433,8,45,92,7
14970,3,533,83,80,43,4
12529,20,222,81,10,124,4
11375,12,257,22,85,192,3
12086,1,325,64,73,101,10
11495,11,572,18,81,80,2
12336,5,504,28,62,33,1
10830,1,21,3,19,179,7
12173,9,40,97,41,76,9
10420,2,487,14,29,127,4
13972,16,296,1,13,65,1
10381,9,122,16,96,127,4
12740,0,466,27,27,55,1
14824,8,1207,47,84,72,3
11507,14,681,91,27,32,10
12478,16,1119,41,16,106,8
14433,11,745,02,14,180,9
14919,9,529,22,5,19,9
13397,20,1153,5,75,123,5
13076,5,1078,87,53,174,4
12730,0,1216,83,9,95,1
14907,12,572,18,92,170,2
11668,0,1040,48,24,149,10
13135,1,301,78,63,36,10
12114,14,593,38,53,2,4
11690,9,447,41,64,131,7
14312,3,335,59,90,119,7
12484,1,698,29,91,190,5
13742,13,1197,01,96,137,7
10539,1,661,4,100,177,2
14868,13,782,9,28,39,6
11052,16,148,61,80,105,8
11955,9,763,03,100,7,1
14302,19,876,1,3,109,1
11246,15,717,3,12,99,2
14659,10,1220,4,66,55,10
12185,7,1139,33,40,35,7
13083,5,289,48,38,119,7
13489,11,506,56,48,181,1
14002,5,15,44,28,45,5
12030,18,1069,97,10,130,6
14052,10,69,09,11,35,10
13901,4,1048,78,70,28,8
11624,16,117,32,90,181,9
13636,10,331,19,64,167,6
14815,6,1198,9,37,69,4
12059,12,321,91,45,170,5
13878,5,554,42,23,161,9
10880,0,410,59,94,20,6
12963,16,645,6,20,95,9
11482,7,767,28,21,33,4
11071,11,851,63,34,85,3
11566,16,310,24,23,114,6
12720,14,435,2,29,56,6
10335,7,407,07,4,39,5
11022,10,1005,08,97,190,10
13908,2,690,24,41,184,8
13964,2,726,54,11,84,3
13045,13,271,85,2,120,5
10184,8,1202,04,83,3,1
14174,4,1065,38,37,182,8
10354,18,495,02,2,15,2
13793,14,1091,19,49,21,6
13196,4,192,25,16,126,3
11479,7,83,22,59,62,9
11431,9,766,39,93,33,5
10883,8,1016,61,69,111,2
14800,14,1186,44,81,92,3
13782,16,820,43,95,54,9
12498,9,425,22,54,32,9
10315,1,1106,48,91,9,4
11075,9,669,12,94,140,5
13174,16,828,49,28,185,1
13772,5,185,99,26,166,9
13785,18,824,38,20,56,8
10032,19,42,09,65,26,6
12226,17,418,35,45,15,1
12132,17,73,06,50,28,7
12487,4,403,58,33,116,1
14721,20,137,02,69,68,8
13547,14,989,39,16,66,9
11649,19,899,02,43,199,9
11001,13,972,14,7,31,7
11263,16,966,15,99,177,9
14655,10,833,81,46,176,3
12840,6,428,48,11,156,8
11779,0,759,7,8,157,5
10084,19,189,96,48,14,2
11870,0,55,15,16,26,10
10936,14,1171,92,82,153,3
10653,7,415,6,27,76,10
13069,9,1242,99,62,184,7
10863,9,681,62,36,96,4
11382,5,940,54,95,103,5
11323,18,327,33,75,77,2
14566,17,1217,92,87,40,8
11171,6,750,56,62,17,2
11912,6,1034,11,78,125,6
11660,20,1070,38,28,184,2
11999,16,712,95,98,131,7
14244,1,968,2,31,155,6
12446,7,311,21,20,0,9
10605,10,728,2,21,153,3
13451,5,240,66,61,176,2
10417,3,247,32,32,155,7
13857,18,987,72,46,3,2
13706,10,150,76,84,25,8
13533,9,222,9,92,102,4
13357,20,573,84,28,139,8
12486,2,329,19,44,63,7
11980,20,557,75,45,106,9
13860,0,670,45,57,41,5
11847,3,541,87,89,125,6
10299,1,72,38,96,20,10
13081,20,576,86,31,105,8
13447,11,925,36,40,125,5
14191,0,941,14,53,167,10
10744,6,42,73,27,185,2
13957,4,933,78,99,159,1
12991,7,411,65,53,104,7
12688,11,354,25,66,0,7
11646,7,495,35,85,36,9
14246,6,135,26,32,143,1
11613,0,32,47,87,107,9
13042,16,521,63,32,38,4
11445,7,433,81,100,50,4
10053,13,129,42,45,70,7
10927,16,61,19,16,153,3
13785,13,678,76,15,154,6
12330,15,811,75,46,160,9
14962,17,741,27,58,40,1
12549,6,998,27,22,40,1
10728,17,22,03,83,187,8
14604,16,235,16,5,159,2
11627,3,457,97,28,10,8
10819,14,915,76,33,93,1
11534,11,1080,04,77,102,10
13866,19,507,26,52,17,8
12120,12,718,33,12,179,9
14691,15,1148,43,17,107,8
14062,2,336,41,75,113,8
13867,5,657,6,38,141,4
10764,1,392,66,16,160,9
11782,6,946,04,4,162,2
12544,14,970,89,64,120,2
12087,20,759,35,53,9,4
12689,18,346,5,79,9,4
14864,17,792,13,80,55,8
10347,11,330,81,41,10,6
13938,10,1191,99,98,12,5
11940,2,95,06,72,91,9
12846,1,874,69,2,174,7
12141,20,236,59,25,142,9
12362,4,800,37,28,89,8
10937,8,785,96,49,161,3
14648,17,741,36,60,7,3
13232,0,1075,36,75,91,9
13723,15,1050,56,31,172,5
12730,1,349,98,11,102,8
13106,19,847,22,96,131,8
11322,2,1033,24,76,48,3
14007,15,151,33,7,10,5
14761,13,1175,66,96,55,1
14097,11,1243,7,42,176,2
12023,0,465,63,92,61,3
12608,5,594,48,36,114,10
11258,4,447,53,45,56,10
10483,3,64,44,7,7,5
10966,16,590,59,30,105,6
13722,7,1049,32,16,188,4
12165,19,64,8,38,130,8
11497,5,903,08,95,139,4
10376,14,897,45,18,49,5
13778,20,344,51,62,57,9
12334,9,1200,85,80,126,10
10549,11,829,16,99,129,2
13272,12,837,59,68,189,7
10917,19,298,29,38,1,6
10687,14,27,46,67,21,1
13731,20,1012,14,42,88,7
14414,8,643,49,56,22,6
10773,14,969,91,16,46,4
12048,9,954,2,34,192,9
11367,3,99,64,32,192,1
12072,13,295,03,83,48,3
11302,0,438,3,92,60,1
14836,7,893,18,88,184,6
11297,14,703,86,1,106,3
11100,20,680,73,32,82,3
10160,2,1134,94,82,98,10
13870,5,103,3,78,68,1
10914,0,1147,66,94,12,2
11895,11,94,7,67,41,4
14822,20,496,4,11,53,8
13560,18,1125,45,57,36,10
10867,8,632,01,54,131,10
12259,4,1150,9,7,98,10
10213,13,1095,65,9,46,4
10792,0,1082,46,53,26,1
12142,8,143,78,92,45,7
13175,2,989,14,70,104,7
13293,11,64,13,72,136,9
13370,6,186,82,16,30,8
12532,10,1200,6,63,164,4
11449,16,92,78,77,165,2
13847,3,904,16,40,118,10
12663,15,185,05,41,19,5
12580,0,988,68,39,45,5
10069,8,1165,06,21,110,3
13012,10,64,94,89,172,7
14194,18,736,13,53,120,4
14317,10,374,34,22,111,5
10024,12,1120,13,7,194,1
13972,2,1124,22,46,158,9
11961,19,1094,89,15,81,1
12703,12,215,32,21,34,2
12775,0,85,63,78,56,6
14130,7,245,17,35,22,4
12979,12,1192,14,94,97,5
10274,16,680,3,10,20,2
11656,9,801,07,91,131,10
13783,11,782,15,11,137,4
10381,1,84,2,34,91,6
10723,15,44,05,85,177,6
14988,5,799,21,12,17,2
10697,5,466,77,31,3,1
10111,11,563,88,5,81,5
13407,6,808,24,43,193,1
12252,14,627,47,17,35,9
11214,19,686,44,82,91,4
12091,11,976,35,45,66,5
14013,15,1129,21,63,182,5
13280,0,507,47,23,64,7
14292,20,618,95,75,5,9
14604,13,448,12,54,198,4
13173,18,447,62,57,62,2
10312,7,131,24,86,32,4
12259,9,496,54,54,87,6
11513,13,1043,26,40,148,7
13034,5,1169,05,51,139,1
14717,3,241,19,80,20,3
10781,1,931,69,87,113,10
14245,8,114,25,40,62,8
14231,8,729,86,41,10,7
10102,7,636,42,54,134,4
13594,14,743,63,10,195,1
13849,9,1045,19,100,182,3
10773,5,1116,58,41,21,8
11316,2,79,26,100,49,3
10605,12,491,15,99,191,10
10813,18,914,87,2,193,6
13110,7,13,14,71,37,5
11901,14,469,04,38,181,6
14437,3,78,37,40,32,3
12966,5,1080,73,49,176,10
12541,4,489,83,60,127,10
13466,2,583,64,31,140,9
12327,12,871,39,47,164,2
13587,2,1023,26,12,144,10
14567,5,610,45,82,104,1
14469,7,771,22,80,77,5
12595,4,379,06,8,52,4
11118,14,1027,32,93,81,9
11582,15,912,78,54,72,5
10095,16,1241,99,19,135,6
11546,13,959,4,39,116,3
14344,0,813,7,10,44,1
12880,15,45,53,96,107,5
13861,4,1053,93,53,186,10
13402,16,536,55,19,183,9
11853,19,226,18,19,66,10
10144,20,864,87,52,92,1
14201,11,114,31,54,97,10
14416,17,308,04,81,68,5
14750,18,287,21,28,181,9
12345,1,910,64,87,157,10
14586,10,1206,14,55,22,6
10674,9,290,92,43,4,9
14239,3,909,48,38,56,5
11009,1,772,94,27,5
10943,16,435,56,78,37,9
11108,3,97,04,74,142,7
11880,5,805,19,93,53,2
12891,18,286,19,34,177,6
13062,15,1067,31,63,32,9
11947,15,672,25,57,178,3
10227,0,546,79,78,187,1
13273,18,954,72,44,8,7
14161,6,332,91,64,194,8
12589,15,448,69,87,72,10
14009,8,70,17,37,125,8
10534,6,251,2,30,144,8
13968,8,465,68,76,160,9
14241,19,888,8,81,70,2
13481,8,791,98,99,150,6
11398,4,93,86,93,29,6
12315,20,721,42,92,34,3
12215,8,245,69,5,151,7
11506,1,787,66,57,134,2
12449,14,1237,27,94,7,10
10196,4,925,9,5,119,9
10133,15,576,51,72,163,7
13901,16,1019,04,80,29,1
14880,16,562,99,32,31,4
10810,20,1199,88,80,17,10
13982,15,243,35,77,17,9
10456,9,471,68,25,55,2
13167,7,527,55,46,11,5
10470,13,1188,56,80,44,3
12062,16,299,38,4,146,9
12146,19,20,99,31,170,6
12084,19,696,51,57,16,5
14676,12,651,57,15,74,8
10122,8,168,37,8,78,2
10528,3,321,97,87,140,4
12721,19,1028,15,45,158,10
14824,12,168,9,14,82,1
13873,7,86,26,33,68,7
10370,8,177,36,64,127,4
14078,13,641,73,43,77,8
11475,6,116,88,8,7
10485,15,351,74,6,69,10
10544,20,924,37,86,117,4
12592,0,547,21,71,109,5
13016,17,498,26,9,99,7
10157,15,123,63,52,99,8
14901,17,554,27,54,187,2
12575,7,974,63,13,1,2
13772,19,1046,35,34,86,4
14354,19,1031,6,96,107,10
13714,12,974,22,29,178,2
10404,1,1204,16,55,104,9
10793,13,579,55,87,25,7
14772,13,719,75,70,138,3
13609,12,1168,17,24,20,10
14563,2,129,42,6,57,4
14202,18,270,23,64,99,1
12068,11,499,37,45,134,5
10387,10,757,11,41,52,7
14016,14,667,87,3,17,3
14157,0,727,09,18,5,5
14507,18,1191,5,30,78,2
11366,19,891,9,37,90,6
13617,20,855,91,79,120,5
11727,12,486,79,38,179,8
14299,16,504,45,17,151,8
10415,4,1192,22,28,142,3
14269,11,632,26,35,193,5
10365,18,987,4,16,142,4
14709,7,469,57,70,0,5
11617,8,297,52,183,7
13983,20,294,47,65,92,1
10219,12,371,47,32,6,7
14496,15,738,65,10,121,1
13911,20,190,66,70,68,10
11317,17,849,49,14,89,6
14630,12,726,33,4,21,9
13854,10,806,07,7,108,10
13332,16,1120,21,3,97,2
10153,20,102,39,23,199,2
12587,17,1213,68,25,42,4
14753,2,21,15,22,78,9
13286,4,967,91,92,94,10
13786,2,1098,93,65,158,7
10336,0,1177,99,74,64,1
12079,0,444,79,53,31,7
13232,1,757,28,28,161,2
13772,17,264,55,97,39,3
12821,16,352,35,71,46,1
14928,10,488,58,72,22,8
10461,17,1042,27,28,170,6
11930,17,553,87,28,177,4
11316,15,887,8,6,16,6
10345,9,30,19,93,177,4
10848,17,1122,1,60,39,2
13674,10,607,47,59,52,5
13739,16,762,03,63,159,8
13775,14,536,99,4,159,1
14165,13,30,37,40,1,9
12194,6,445,77,13,193,2
12446,15,1026,39,61,15,10
12136,14,396,41,38,138,7
12688,2,1177,88,59,23,10
11793,14,121,34,89,187,10
12352,18,51,81,56,28,4
12327,10,563,84,51,49,3
11234,0,97,47,54,132,10
14844,2,956,61,9,3
13482,5,1189,33,7,109,7
13183,1,931,44,70,102,9
13513,20,950,84,54,71,2
12568,11,986,98,14,35,8
14307,5,302,94,38,56,7
12844,16,1171,8,92,30,3
11803,0,472,84,41,70,5
10745,5,178,97,99,2
11508,8,21,79,82,107,6
10391,0,474,85,89,198,6
10405,5,363,52,4,186,9
14277,11,125,42,50,127,4
14175,9,58,36,89,154,4
12199,17,318,02,39,185,6
10565,14,1192,66,18,115,8
11068,2,790,77,45,133,2
14080,9,625,87,6,175,4
11846,19,311,25,37,182,6
14639,4,791,44,55,32,10
14793,19,1181,43,13,111,4
12099,14,283,62,95,176,10
11939,7,859,87,61,101,9
11444,19,320,07,85,9,1
11114,17,379,02,42,194,6
11488,11,1029,32,68,41,1
11982,2,977,42,73,87,5
14462,10,982,52,20,146,5
14067,11,106,12,14,17,2
11782,14,508,79,54,84,5
14285,3,1138,1,94,122,1
13766,9,709,6,81,18,10
12812,5,630,36,64,94,3
12282,16,254,67,37,89,6
13103,14,123,92,82,178,3
14234,14,126,78,86,96,8
10497,13,946,96,51,197,7
14071,2,1076,79,49,55,2
14093,3,678,87,3,174,6
14808,8,546,91,69,151,1
14163,10,572,43,86,196,5
12748,9,973,99,88,94,6
11229,11,68,58,14,143,8
13462,12,379,08,68,125,2
10884,8,803,89,42,96,4
14937,7,264,91,64,22,6
14756,15,755,45,5,99,10
14804,16,549,66,5,55,7
11902,17,575,9,9,129,3
12305,1,1087,8,87,23,9
12014,9,75,99,85,164,6
14639,16,218,52,21,27,7
12015,16,181,22,65,94,3
10973,0,662,76,44,163,10
14379,17,1149,47,27,70,1
13098,18,847,01,7,134,4
14820,5,245,98,61,81,9
12644,3,1229,54,7,108,6
12465,19,659,78,4,148,1
11478,15,957,84,7,66,6
14073,1,505,75,28,200,7
14548,11,1123,04,61,163,1
12947,9,71,16,29,151,2
11014,4,1093,15,100,131,6
12962,9,395,13,53,112,7
13111,12,35,68,32,90,6
10058,3,459,48,70,182,1
14276,1,677,87,53,136,3
10287,19,845,85,62,105,9
10255,15,1016,84,40,178,10
13470,5,268,65,1,18,4
14511,15,476,01,47,136,3
11436,5,1230,64,9,41,8
10838,17,738,75,45,121,8
10182,16,786,91,10,83,1
11330,0,953,81,38,25,1
14695,3,486,38,85,8,2
14024,8,88,42,60,10,7
12493,12,600,74,67,79,1
11030,13,71,54,47,3,6
10372,19,523,17,42,168,9
14045,15,451,38,82,85,6
12732,12,542,47,65,130,10
12693,20,67,7,4,178,10
13221,0,600,46,94,5,3
11022,16,975,72,26,20,9
11053,1,373,39,17,115,1
10572,10,44,25,92,89,2
13400,13,1156,96,72,22,2
12323,13,776,54,70,153,1
14795,6,389,48,15,62,10
14914,13,1232,29,68,117,6
10261,9,555,31,80,41,6
10389,2,1105,67,39,199,9
11774,7,244,5,6,77,4
11912,19,1225,7,72,44,5
11261,11,1188,53,72,118,10
11501,11,702,23,69,195,6
10778,9,205,23,3,156,9
14604,15,361,14,42,17,4
14001,15,377,69,49,29,10
11614,4,927,58,22,115,8
11889,19,411,83,14,68,6
10442,17,614,87,95,121,7
14488,16,861,05,97,174,6
11987,0,1100,83,47,128,5
14746,8,779,68,76,148,1
11142,3,496,24,76,170,4
12968,3,657,37,24,124,6
14522,4,1080,6,92,65,5
13324,20,260,15,91,195,10
10339,15,1221,18,85,200,6
13919,18,972,18,56,197,7
13673,17,87,16,66,82,7
14880,9,515,61,10,67,3
12480,18,951,97,5,48,3
10311,9,328,18,9,116,10
12576,18,45,31,46,186,5
11024,9,256,13,43,14,3
10022,4,577,78,15,133,1
13611,0,352,54,83,0,5
11788,14,873,98,67,63,3
14784,13,576,05,41,159,2
12153,1,783,23,95,2,4
13010,14,742,86,53,188,2
12263,14,944,19,24,25,8
12556,7,764,75,97,149,4
13052,18,410,9,41,67,3
14461,2,825,89,96,104,7
12318,3,999,81,89,108,1
14907,13,323,26,98,68,1
14267,0,291,88,34,26,3
13470,14,602,56,27,199,3
13243,18,231,2,10,133,10
11083,7,1036,71,52,108,7
11094,5,43,26,6,46,4
12542,16,1038,94,16,182,6
14711,11,44,13,64,22,9
10552,15,314,22,59,34,1
12952,13,1185,09,2,7,6
10762,15,903,09,22,8,7
10226,10,239,22,3,47,6
13630,0,287,54,34,149,9
14505,15,250,65,50,9
12042,7,404,3,56,146,4
14346,7,144,95,53,88,1
10170,3,1075,69,99,38,10
12820,2,556,16,33,137,5
10699,14,623,64,10,37,7
12503,8,827,65,20,113,3
14693,8,189,9,42,110,4
11430,4,143,05,63,175,1
13027,19,230,75,65,16,7
10232,5,1149,21,20,34,4
14812,20,683,16,91,187,6
13721,10,242,65,43,191,9
13063,17,112,64,21,21,9
12219,20,1245,07,4,186,3
12425,6,538,89,23,192,7
14774,2,335,45,47,102,10
14696,1,842,66,81,119,3
14483,4,179,02,2,97,6
12395,0,881,87,37,68,10
10015,6,778,21,9,183,1
13209,18,596,76,92,23,10
14081,5,26,45,39,182,10
12632,16,1169,36,78,180,5
10901,12,369,22,10,83,9
12553,16,469,89,11,189,10
14727,18,51,24,27,180,10
11462,7,564,1,25,21,9
14078,2,17,7,78,83,9
14498,20,641,11,16,52,8
13148,17,337,89,67,13,5
12773,2,812,6,64,128,2
11307,0,411,34,45,116,9
13646,3,123,92,23,59,9
13103,9,405,46,62,191,7
12100,9,277,95,65,102,5
12190,13,992,84,75,15,10
12411,8,271,59,92,139,1
13545,0,1106,09,3,117,9
10883,5,1129,55,37,56,1
13502,19,117,37,1,79,7
14163,7,811,86,26,38,2
13998,11,344,16,67,163,10
10295,1,669,04,27,126,5
11677,7,927,33,83,71,10
11533,5,945,69,98,111,4
10959,17,769,75,12,69,4
11615,5,979,34,76,31,1
10333,2,905,57,8,23,7
12089,2,513,28,11,78,9
12304,9,611,55,25,126,2
13974,3,1048,18,55,154,3
13487,9,381,29,100,72,3
10232,9,770,57,71,179,4
11292,19,249,03,42,56,8
11096,17,1195,1,69,36,5
11880,19,836,93,74,100,5
13750,6,815,96,99,33,2
10822,6,472,5,67,191,4
14434,9,1106,39,92,186,4
10393,7,479,54,37,68,4
14966,5,811,27,59,17,9
12879,12,586,83,13,170,5
14019,1,623,79,37,146,2
13233,18,1125,13,36,104,4
13355,11,1242,67,83,195,10
14425,3,501,52,8,65,6
10769,5,909,89,8,188,1
11693,8,749,12,3,131,8
11713,8,620,78,51,128,7
11739,6,183,99,57,155,2
13363,12,563,34,6,69,8
13663,19,230,8,4,166,2
13530,11,1123,24,15,122,8
10727,13,208,25,81,169,5
14844,14,1180,44,81,93,7
10473,10,717,72,45,186,2
12268,11,692,88,72,37,1
10847,11,159,81,40,51,8
11054,12,148,96,13,12,5
10202,6,85,55,96,59,5
12911,3,590,23,61,115,3
12569,15,763,68,33,95,5
14213,11,1016,62,43,104,8
10587,4,760,71,40,137,7
12228,2,53,33,89,97,4
14889,6,1242,08,98,119,10
12528,9,503,2,77,172,7
14985,6,430,59,41,174,8
10836,6,312,15,28,144,1
12463,10,814,98,39,35,2
14302,5,436,01,6,107,6
13300,4,52,22,86,135,10
12764,6,335,46,23,106,6
14589,11,905,76,8,156,5
10532,19,475,94,72,77,9
10464,2,923,13,6,57,9
13415,3,472,17,60,111,6
12746,17,109,97,59,200,5
13588,0,174,72,61,46,7
13017,10,189,66,23,43,9
13622,12,1140,55,45,150,6
14373,6,198,25,74,63,7
14816,1,332,07,29,115,1
12610,4,967,63,40,133,3
11320,3,788,01,4,162,6
10317,8,1143,73,25,84,10
13451,11,827,49,3,197,6
11122,8,961,47,80,164,9
14291,18,1232,4,38,43,5
12863,14,35,36,75,12,7
14367,20,428,03,77,5,6
12256,8,388,89,80,88,5
14625,10,936,11,40,108,10
12109,16,946,2,67,161,9
14190,2,555,13,35,127,2
11632,18,437,14,41,95,4
11402,11,853,32,31,147,5
10438,10,610,05,86,147,1
14762,12,1074,8,42,29,5
12141,17,794,18,80,152,7
11722,18,1082,55,41,152,7
11464,16,984,88,99,148,10
11367,10,1105,76,8,85,6
13932,19,335,38,55,69,4
14268,12,1097,85,28,38,3
10024,0,641,77,27,68,8
13962,3,323,25,10,97,5
10344,12,1237,27,4,16,2
12064,13,315,57,52,49,9
14162,2,47,21,41,129,4
11459,16,427,33,68,176,4
11405,6,460,05,62,167,2
14818,2,890,1,47,65,6
13863,11,498,84,13,97,8
10469,16,809,52,89,89,10
13014,16,1067,6,58,147,9
11282,10,861,25,63,100,1
12723,8,544,34,7,56,2
11848,18,418,94,26,59,1
14037,5,780,52,48,24,1
10065,1,708,38,17,112,6
13042,14,952,2,32,200,3
12819,0,1077,06,76,88,5
14434,7,470,22,4,92,8
12313,9,933,15,25,28,2
14381,13,732,88,76,57,1
11809,15,954,56,24,146,10
10908,10,1178,77,53,61,10
12037,15,719,35,60,112,2
11736,3,215,61,93,31,2
11798,20,629,53,39,189,1
10877,11,257,52,85,192,6
12383,15,255,9,24,128,4
11263,8,855,04,11,93,2
12186,3,947,61,27,62,8
10363,9,10,81,55,140,8
13295,17,1173,27,77,72,10
10094,6,1026,64,8,56,6
13013,6,612,68,24,141,7
13890,4,573,54,62,60,5
12800,16,34,87,80,41,4
13163,18,596,61,46,38,10
14851,19,83,89,67,185,7
10456,0,1020,96,7,68,10
12105,3,753,43,92,3,8
12565,10,453,4,38,144,7
10525,5,1077,06,85,16,1
12690,20,445,27,98,48,3
10140,9,274,73,21,196,8
11962,20,999,15,73,192,9
12274,13,46,62,91,17,5
12518,0,1188,12,100,70,8
12459,2,496,68,37,181,4
13856,5,107,23,87,98,2
10048,2,903,31,83,56,1
12647,20,1211,07,62,158,2
10405,20,39,07,35,56,10
12832,12,244,42,46,13,10
12359,9,374,76,80,1,4
11205,13,952,24,34,168,7
14340,15,702,7,100,17,4
13603,3,607,4,75,165,8
10803,3,966,36,93,76,6
11145,16,675,08,63,121,10
14775,15,1232,45,55,174,3
12681,18,593,24,92,43,1
12438,1,635,19,42,143,4
12642,0,551,64,37,147,7
11643,20,1149,85,57,160,9
10694,10,786,03,35,130,1
12625,14,432,93,41,185,2
13437,18,910,3,22,90,9
11153,5,1083,76,1,151,8
13748,6,695,97,55,171,10
11724,5,631,32,3,32,4
13479,9,1118,69,57,23,9
13399,12,745,56,1,165,2
12270,19,784,56,81,79,8
11041,2,653,98,11,149,6
10111,2,82,04,54,83,8
12853,9,992,06,52,50,5
13324,10,481,2,37,73,3
13067,12,1120,61,49,123,7
11627,15,243,07,7,153,2
10096,4,762,94,52,160,3
12346,19,663,06,24,38,1
11140,19,965,92,48,128,6
13123,10,231,81,6,171,7
10360,3,237,04,77,151,6
10591,0,795,87,32,17,3
10853,6,1143,78,22,48,5
14160,5,367,91,24,33,4
10900,7,814,26,69,162,1
13693,4,238,57,74,149,9
12298,13,979,74,62,4,5
11441,5,348,36,53,159,8
10693,1,569,17,5,194,5
11595,3,849,47,24,76,8
12758,12,928,95,64,53,8
11834,16,465,9,6,85,3
12936,13,758,98,76,129,5
12946,13,983,81,15,7,10
14989,18,613,78,73,94,6
12890,11,1075,13,93,49,5
11535,14,63,11,50,18,2
13493,1,17,86,39,30,6
13349,4,658,24,80,122,3
11437,3,488,47,98,181,4
14635,5,311,97,67,46,4
10330,19,447,91,12,144,10
10392,1,857,59,68,95,3
12038,8,553,72,49,62,8
13390,11,1144,06,14,193,10
10414,20,888,69,54,2,7
14867,5,194,75,13,16,5
12203,3,695,65,72,35,5
14790,6,812,55,58,97,1
12432,16,1201,82,66,63,3
13244,0,236,82,34,112,3
14847,2,348,69,3,39,9
11714,3,537,1,67,27,3
10373,20,573,24,59,6,10
13078,16,1084,92,85,95,6
11949,7,935,53,45,199,10
10632,2,350,51,34,190,5
13578,17,296,94,9,22,9
12661,19,780,49,66,135,1
14949,11,67,61,18,80,4
14256,16,130,59,98,74,7
14117,18,502,97,79,62,2
12435,4,920,3,17,158,6
14112,2,758,06,88,188,8
10302,14,674,84,66,107,6
10355,0,312,69,14,3,5
12488,20,893,76,42,61,4
12893,17,1236,36,87,78,4
11803,18,1218,24,56,51,8
13073,12,854,79,12,186,1
10043,17,136,28,11,152,5
12799,7,1126,52,6,147,10
10797,14,67,46,60,160,9
12401,11,970,18,71,123,7
11099,10,1160,47,76,151,5
13057,6,259,74,65,65,9
12716,13,961,72,69,139,6
14491,12,413,59,98,77,5
10882,0,1086,5,73,146,2
13112,1,538,46,57,78,2
12146,17,845,12,92,31,4
12430,7,607,81,33,89,6
11652,10,336,28,30,87,8
13672,14,930,99,13,114,8
11096,9,114,57,72,198,1
10214,11,101,39,26,46,9
13677,5,1176,27,25,102,9
11710,12,963,78,21,172,6
14023,16,1214,93,18,40,4
11223,6,191,2,11,59,7
10948,4,510,6,81,109,5
11182,10,841,76,98,92,9
11356,8,995,82,75,162,1
12051,13,732,4,42,98,4
12878,7,829,32,21,147,9
14360,17,1145,58,66,194,6
14048,2,202,85,72,174,5
12754,6,288,61,9,104,9
12465,11,1007,67,26,34,9
11994,11,655,94,38,87,3
12319,18,233,84,86,75,2
10593,1,482,65,66,112,5
12648,19,797,44,74,199,10
12660,17,750,69,35,119,5
14274,3,872,01,58,22,10
10382,19,255,28,12,189,3
14095,13,704,19,91,195,7
12174,19,624,55,41,180,10
14052,20,24,93,45,5
10971,5,361,05,29,116,9
12619,10,119,66,48,152,6
12960,1,518,71,36,32,3
10964,0,975,72,6,147,10
11982,11,100,77,32,122,4
10928,14,215,8,21,16,5
10954,6,629,87,56,134,9
12175,6,642,7,1,147,1
11690,4,1057,78,10,87,10
11689,19,13,4,35,126,1
10261,4,885,89,11,0,10
10363,6,1045,25,66,71,2
14154,4,626,83,27,160,1
14609,16,474,68,7,120,5
10696,8,330,65,24,185,2
11335,6,1029,11,14,15,4
11140,13,1073,08,41,179,10
13256,12,611,47,63,159,6
12910,6,1032,99,82,112,2
11196,20,594,79,95,200,6
13239,2,501,03,68,78,1
13975,18,795,82,33,24,8
14393,7,406,35,5,10,7
10463,9,1162,29,131,1
14088,4,29,94,22,31,3
10398,13,1063,7,70,174,6
13788,16,1179,51,87,156,10
12886,2,427,08,43,34,3
10484,20,182,4,72,54,10
13882,13,802,97,2,164,5
14414,16,298,07,90,100,5
13308,18,446,02,75,26,7
13748,10,308,36,88,75,7
14955,18,202,64,33,147,10
10252,5,336,01,8,91,6
10157,8,425,46,90,150,4
10355,12,226,73,36,118,9
12165,13,1157,88,80,162,7
12216,9,251,97,15,117,9
11936,20,655,72,79,3
10009,0,943,2,83,200,3
11682,0,757,59,81,57,8
14972,16,996,07,52,47,8
12221,9,376,28,13,168,1
11205,1,1034,22,27,14,4
12775,9,453,74,34,101,3
10711,10,827,49,80,150,6
14892,11,246,67,79,51,1
13859,18,355,66,74,148,8
14627,7,978,69,39,11,7
10461,6,1139,39,34,58,5
10279,12,712,17,57,171,8
14732,13,103,04,88,154,3
11630,15,601,2,58,148,6
13756,14,1050,91,99,131,1
13649,15,722,85,18,169,2
11720,0,598,04,16,27,2
13422,0,967,26,75,110,5
11241,10,1137,23,36,52,10
12542,4,203,96,98,41,6
12451,9,987,75,6,168,1
10745,5,790,39,4,53,7
13514,2,441,58,86,169,10
10782,2,436,81,15,114,3
14759,7,451,09,74,146,6
13083,3,1077,71,43,77,4
10678,15,66,37,72,190,9
13259,11,157,63,64,73,7
11038,15,929,52,26,3,10
12249,1,465,3,27,196,3
13909,6,305,25,23,66,6
11702,13,1241,91,17,143,10
14448,18,481,24,27,6,8
10220,4,443,18,54,142,9
10350,14,1236,48,66,168,8
13884,8,717,36,5,19,2
10655,3,397,91,33,171,3
11364,20,1213,81,73,33,10
10665,0,460,59,100,130,9
10251,14,1218,21,100,24,6
10885,2,806,15,51,21,2
14388,17,417,5,8,183,5
10748,10,744,55,55,51,9
13085,16,1178,42,13,101,5
11802,11,976,83,82,113,6
13951,4,636,67,179,5
13650,6,379,01,91,13,5
12988,8,53,98,52,123,1
14723,5,706,8,81,44,1
12939,11,578,2,80,144,9
13024,1,1201,64,91,188,7
11825,6,449,97,54,103,8
12313,5,1084,79,100,156,5
12416,1,54,13,65,152,4
13735,0,361,47,8,95,4
14927,7,704,42,94,4,4
10009,20,908,19,82,13,2
10904,18,345,37,73,144,3
13116,18,1009,64,2,170,5
12364,14,640,6,93,68,6
11163,2,1036,79,12,117,6
10155,15,398,76,49,25,1
14731,3,878,87,42,144,7
11932,17,1145,31,44,78,1
13646,4,340,34,2,190,2
12736,19,729,59,84,49,3
13930,2,234,69,50,184,4
11070,19,1202,22,74,184,2
11878,10,1179,26,51,145,10
13655,10,238,16,24,34,10
10135,11,655,35,100,142,9
13244,19,840,59,38,138,7
11650,3,981,02,50,47,5
12357,11,411,15,5,60,5
13131,7,681,24,50,103,10
11143,17,775,63,8,176,7
11918,19,180,8,32,196,3
13363,13,626,32,48,61,10
13363,17,1029,93,27,195,8
12122,20,814,62,45,168,9
12492,10,1092,15,99,120,4
14208,20,860,23,81,72,5
13187,18,406,85,63,91,6
14640,18,1100,47,61,42,8
10821,13,582,53,28,29,4
11369,12,1046,1,25,126,2
14558,5,683,89,43,53,2
14272,2,1091,99,97,3,2
14891,9,537,71,100,92,9
10536,18,997,15,24,74,2
11807,5,437,69,20,55,10
11978,0,87,01,71,200,7
14820,9,1036,47,3,12,7
11717,15,1181,11,5,108,10
10865,10,848,54,48,88,7
13182,14,853,9,91,4,2
10320,3,954,18,42,52,10
12199,2,177,94,76,4,8
11663,5,777,12,87,165,3
12610,13,1066,24,60,50,6
12887,20,330,69,33,47,5
12029,18,894,07,18,184,7
12654,2,1079,51,97,27,3
14793,16,1129,07,30,182,7
10077,13,1009,37,87,127,6
14938,12,186,26,8,170,4
14947,18,546,18,59,8,3
10098,4,516,81,78,185,1
13813,20,344,77,12,30,8
13098,7,48,59,13,113,6
13727,14,1057,45,4,169,5
10242,13,13,12,63,160,7
12916,3,597,21,5,160,2
10841,0,561,44,69,67,9
12494,8,244,93,1,146,7
13620,20,895,65,50,124,1
14818,13,1032,94,75,184,5
13425,3,336,41,30,18,6
10765,7,699,86,56,56,8
14418,8,469,18,12,199,2
10328,6,890,56,12,114,10
14832,17,580,84,80,178,9
14953,16,153,82,73,186,5
14907,3,1095,8,80,69,7
14400,15,284,1,13,199,10
12238,15,618,9,78,84,3
13592,7,877,49,94,22,6
12117,16,187,01,60,117,7
12354,11,387,66,71,129,8
13568,0,545,62,40,46,8
10234,19,705,01,62,6,9
13197,8,199,84,44,30,8
11651,9,99,13,68,122,5
14860,16,1015,94,59,139,2
10076,0,20,44,36,51,6
13114,9,1137,55,67,105,4
10527,11,610,68,42,62,7
12245,3,1240,58,37,73,3
14739,19,449,25,26,140,5
11158,2,538,89,21,27,3
12778,17,64,35,22,140,10
13780,1,356,45,84,8,1
13006,8,1110,29,98,197,3
12938,20,124,84,26,15,5
14119,3,102,31,92,33,2
12074,12,188,32,51,54,6
13217,18,1151,71,2,27,9
13037,15,1169,37,51,54,1
10546,6,647,54,46,125,7
11024,5,217,87,45,59,1
10327,1,524,16,55,193,9
14878,19,21,42,99,97,3
12971,14,170,28,75,199,8
10148,12,509,05,83,41,2
11632,10,438,76,81,30,10
13445,6,817,41,68,145,2
10123,18,928,23,54,79,4
10111,1,554,15,89,48,9
14629,11,1014,96,47,38,5
13682,6,371,34,46,150,5
14874,9,1176,08,33,142,1
11557,16,598,65,10,129,1
12553,16,1000,02,55,99,6
13128,14,1143,63,81,189,5
12921,9,666,88,80,184,1
11604,4,1114,05,43,118,8
11109,0,551,22,14,71,6
12073,9,882,24,29,39,8
12598,15,1140,4,100,43,2
10335,9,861,5,88,54,6
11028,8,819,26,50,68,10
13625,12,305,18,10,101,7
12136,17,872,67,78,134,6
11958,20,868,11,39,61,9
10706,9,1184,54,53,54,2
12607,0,62,45,28,27,5
10177,15,23,43,80,188,3
12495,10,518,06,100,19,10
12122,13,467,31,84,183,6
11896,20,593,28,22,10,7
11597,6,807,73,42,10,1
12676,0,378,06,41,115,6
11960,17,941,05,31,51,8
14970,10,604,89,64,103,5
12561,4,619,19,27,112,4
10705,13,1092,14,3,128,2
13573,3,1097,58,86,70,1
12828,5,931,73,48,47,8
12958,4,1159,88,77,102,7
12049,2,1087,05,5,188,9
13185,10,701,98,56,137,1
10193,15,548,99,95,177,9
12197,8,1146,97,23,36,9
13270,7,749,93,57,20,7
13395,13,230,53,92,100,5
11984,2,251,59,76,181,8
11819,20,88,47,87,36,2
10962,16,875,38,84,43,9
11396,15,415,64,78,73,3
12490,4,666,28,17,93,9
11768,0,238,31,87,156,2
12453,3,564,98,39,150,7
12186,15,633,88,91,172,3
12402,13,331,93,54,161,6
12160,11,675,22,83,103,2
13097,7,530,21,12,51,4
14221,20,87,57,85,67,9
13828,15,502,87,55,95,2
13092,11,824,92,81,64,8
12247,16,939,46,49,166,7
12877,10,362,19,82,73,10
13796,18,1243,21,20,91,2
10968,7,312,59,46,24,2
10390,8,258,37,80,155,10
12086,15,1211,48,69,50,1
14645,7,23,45,9,188,1
12084,11,388,47,94,53,8
13148,16,1058,5,79,155,2
14986,2,967,47,46,161,4
12490,19,737,76,62,39,2
13716,19,135,45,90,187,3
14543,2,1079,47,16,2,7
11448,17,36,38,82,57,5
12443,3,978,72,28,66,5
10806,3,662,34,83,144,6
13428,2,894,03,49,181,6
12735,8,833,2,9,196,8
12791,13,342,16,86,5,10
13563,13,1180,5,13,21,3
12362,16,534,33,100,51,2
14008,20,949,48,50,44,3
14743,2,1052,63,80,116,3
12869,13,245,46,28,175,1
14202,1,650,7,87,29,5
12474,3,819,08,96,80,10
12092,2,49,23,100,152,6
10224,11,1088,09,94,184,8
10413,18,791,14,12,44,3
14398,9,547,34,10,141,7
13527,11,174,61,10,8,1
12454,3,410,3,49,26,9
13617,10,153,9,37,180,10
12200,13,907,24,200,4
11920,15,1068,56,98,191,6
13615,20,482,38,96,56,9
11706,14,490,31,1,75,9
10630,12,1050,7,54,146,7
14094,20,180,78,51,80,1
11871,2,409,95,76,5,10
11144,1,188,52,97,133,7
13135,1,888,15,69,57,1
10289,8,184,06,87,87,1
10125,13,1183,08,83,62,7
12321,18,762,61,70,104,1
13555,4,231,89,68,151,10
11247,16,677,24,9,12,2
11240,5,227,27,9,39,10
11064,17,461,69,64,185,6
13271,15,193,93,29,97,2
14878,17,1055,46,78,90,5
12290,7,10,42,73,181,3
11404,4,723,05,88,171,7
11135,8,496,41,20,79,7
14826,0,1223,58,73,173,6
12307,15,802,65,82,63,6
14769,18,347,68,23,47,6
12607,16,714,59,22,67,7
12993,6,326,99,88,65,8
10399,5,169,01,72,193,6
13769,15,1230,93,32,193,9
12611,15,1131,78,26,190,2
14212,0,287,88,76,1
10762,8,1108,73,1,36,1
10934,0,462,65,12,79,5
14583,17,825,03,85,122,7
14872,4,43,63,50,41,7
14017,6,19,89,78,61,6
12326,8,921,37,46,74,2
14078,2,1178,63,3,53,3
12778,0,294,82,85,43,3
10305,0,890,36,57,95,1
14840,9,461,9,30,161,3
11456,19,975,71,93,55,8
12837,7,321,17,49,196,1
11759,4,651,78,86,9,9
14829,3,568,54,19,157,2
10419,6,129,24,66,44,6
11139,3,387,66,22,26,1
10873,6,889,84,70,83,3
13864,2,716,47,39,78,8
14532,2,1237,7,95,46,7
14070,1,200,16,11,123,6
10666,14,568,93,52,163,2
13347,8,1241,33,21,76,4
13181,6,502,29,41,155,5
11115,2,627,07,84,32,4
13298,18,443,42,59,138,5
10061,14,189,67,49,156,9
10605,20,1137,15,22,20,7
11338,9,165,07,61,189,7
13742,1,882,82,4,162,2
12463,5,830,47,16,175,5
12255,11,318,74,24,60,1
10049,9,779,98,100,7,8
13710,2,395,04,85,197,3
12587,9,1164,86,98,5,10
10551,2,476,44,66,171,2
14514,3,787,36,36,68,7
14465,16,402,4,40,134,4
13630,10,22,21,66,44,5
10667,4,296,81,21,132,1
13851,1,203,22,34,61,4
10332,1,654,82,83,63,1
13232,19,962,35,3,62,7
10505,2,630,36,32,1,10
11846,7,52,52,37,17,6
12043,0,960,48,49,159,1
12367,19,1034,86,91,158,3
14415,15,789,37,64,97,4
12582,3,688,64,46,47,3
11104,14,1125,29,85,88,4
14825,13,443,46,75,129,5
13923,13,659,15,97,186,3
14144,19,510,74,46,66,2
14162,14,606,56,1,79,4
14712,11,685,88,69,174,3
10746,19,544,31,32,147,1
13661,20,838,62,47,199,7
11392,20,996,94,78,66,5
12713,10,955,71,57,24,9
11704,0,237,44,95,58,10
10611,8,560,54,36,65,3
11424,6,1155,83,31,146,7
11336,14,471,69,27,83,1
13564,7,247,59,70,17,9
14806,7,634,91,44,115,6
12125,18,886,64,2,99,3
13416,9,220,36,40,122,8
11283,6,110,76,12,135,6
12318,9,769,55,69,102,5
11603,5,1098,52,9,194,2
10936,0,643,17,83,141,3
14299,2,162,27,72,117,10
12154,17,535,33,94,74,9
11206,1,1234,6,34,100,1
10652,15,21,95,91,170,4
14116,6,382,09,54,171,3
10469,1,1008,03,37,156,3
12589,7,639,65,78,178,2
12066,10,408,67,33,111,10
10947,6,1019,9,91,195,2
11293,13,479,38,71,47,2
13437,12,1083,18,14,106,7
14722,20,336,86,77,15,5
14920,12,557,93,100,166,7
10616,7,915,22,109,10
14609,7,1203,31,94,16,8
14405,2,756,33,79,101,1
10151,6,261,49,80,187,8
10713,7,336,76,21,99,6
14979,8,991,96,74,43,10
11964,19,28,48,63,82,9
11561,2,728,63,26,164,10
10590,7,797,63,60,154,8
11014,20,481,12,11,154,1
14397,11,682,18,46,133,2
14785,13,534,99,28,88,3
14461,6,754,58,67,141,1
10789,4,918,48,39,178,1
10794,7,919,8,84,80,4
14798,9,737,59,6,71,10
12387,9,69,79,17,177,4
12846,3,850,21,100,158,8
14899,3,772,83,12,107,7
13099,16,321,16,15,134,7
13108,19,371,89,39,93,5
10270,20,701,76,59,190,9
11286,6,238,71,97,108,7
14403,10,150,27,58,6,6
12263,17,1052,42,71,145,4
12301,11,808,21,65,106,9
14711,3,584,85,79,59,6
12609,19,1190,95,28,44,9
12549,20,307,68,43,151,3
10634,7,814,33,48,126,4
13071,0,757,57,21,160,4
13743,12,745,41,88,147,7
11428,9,207,87,47,178,7
13846,13,571,68,61,182,3
12614,2,546,25,58,48,7
13692,16,1061,28,21,69,8
13425,18,527,3,50,62,9
11668,20,1208,33,23,166,3
10534,10,999,32,74,30,5
10218,14,908,97,47,78,7
12212,14,269,71,94,187,9
11801,15,1213,61,11,105,1
12674,5,458,52,97,112,10
11031,3,385,55,100,76,1
12086,0,1015,59,91,137,4
13160,4,520,43,29,116,2
11127,16,1168,83,10,79,7
14084,3,175,96,53,70,9
14664,6,536,65,40,123,6
10621,8,208,38,42,126,6
11566,4,950,1,64,163,10
12806,17,1229,88,16,123,6
11024,14,771,37,64,113,7
12770,18,807,24,72,19,4
12447,15,126,27,10,134,9
14822,4,323,78,43,197,5
14793,9,1184,88,81,10,2
12935,8,316,24,97,119,3
11403,8,631,88,89,178,4
14198,17,402,47,60,161,3
10662,2,735,85,100,20,1
12063,10,939,95,94,40,4
11856,18,559,72,50,122,6
12816,9,985,46,58,49,9
10411,18,34,01,74,155,4
10447,9,832,25,57,16,10
13592,11,560,86,86,41,6
13288,2,728,21,13,116,10
13967,20,933,46,93,174,4
13415,6,465,89,33,63,3
11304,9,812,58,100,186,4
10609,13,781,61,4,14,3
11101,8,953,13,70,175,10
10158,10,454,26,22,171,3
12863,14,979,37,7,56,4
10325,2,945,89,86,156,7
13379,2,980,08,69,77,5
10313,11,624,2,65,144,6
12644,8,89,07,76,160,1
12995,13,1000,85,56,127,8
13794,8,341,1,8,32,6
10244,16,253,63,78,32,9
13488,18,959,07,69,187,2
13961,1,600,68,6,67,5
10918,8,717,5,55,154,4
11280,4,999,79,20,54,2
10508,17,224,76,27,50,3
11528,15,1243,96,47,61,2
10154,18,680,97,28,199,9
13648,12,548,8,12,143,3
14846,8,76,52,81,77,8
13692,10,388,75,98,57,9
14480,11,1000,04,69,10,8
12300,16,606,86,86,144,10
14715,5,504,14,16,84,8
12389,6,1000,39,10,173,6
13454,6,211,12,81,167,10
11742,6,559,11,1,47,3
14313,6,1177,5,75,193,2
10151,18,98,19,43,161,6
10467,16,1197,29,71,195,10
13774,2,853,18,81,54,1
11403,13,1160,16,33,48,2
11531,4,176,18,41,84,3
11507,7,441,08,23,56,3
13144,5,681,25,86,174,5
12645,9,369,88,12,89,8
13172,20,1074,57,34,161,1
13833,16,190,68,45,82,6
14741,7,104,99,44,184,5
10749,18,341,83,43,68,2
13874,16,871,07,60,180,10
11839,12,792,71,82,193,3
14997,8,282,57,62,71,2
13231,17,192,32,88,194,2
14976,2,841,43,55,158,1
12892,2,399,42,67,77,10
11162,20,799,4,70,70,6
12528,6,1149,8,7,45,3
10119,9,1185,15,8,195,7
14307,2,496,06,2,159,3
10290,1,18,91,41,112,9
13939,10,166,48,6,119,3
14719,2,280,39,62,24,10
11772,20,216,64,99,97,9
11487,7,947,46,37,33,2
14407,16,86,61,40,7,5
14029,1,456,92,8,75,6
13194,11,1095,72,53,169,5
11847,8,106,03,74,15,7
11324,2,264,56,36,174,1
10309,2,292,67,11,33,8
12634,19,126,55,38,10,4
13694,12,669,91,37,198,2
12843,7,151,88,92,62,5
12840,19,414,01,87,70,1
13431,19,731,55,11,122,3
10556,19,1229,8,67,30,5
13631,10,140,49,98,1,5
10193,3,121,46,100,35,1
12281,15,190,55,97,35,1
11169,20,599,8,67,189,7
12536,0,381,22,95,137,9
12182,14,516,11,3,149,6
12905,17,1052,14,63,29,6
10178,13,31,87,18,176,4
12583,2,581,38,65,30,6
11445,9,260,86,59,46,2
11014,11,849,6,42,77,6
10063,3,40,71,29,158,8
10344,7,546,95,91,198,9
11117,20,1196,64,88,12,10
10563,20,220,78,45,72,7
10056,4,928,16,8,14,9
13675,6,263,13,56,169,7
11328,17,68,98,46,118,10
10536,14,382,23,15,187,4
11211,0,185,92,21,96,8
12227,20,1094,78,61,62,2
11767,14,438,83,5,4,5
10212,10,593,76,79,23,7
14135,13,1025,18,65,83,2
11799,15,755,84,11,40,4
14545,18,856,58,39,133,3
14417,16,682,94,6,74,2
11461,10,587,32,77,53,7
10445,20,1177,64,79,182,8
11985,1,862,91,66,143,4
10208,19,1194,17,43,94,1
14659,15,240,43,28,10,2
14555,16,1165,49,16,41,1
10331,16,277,5,84,76,8
12929,8,172,38,97,185,10
14453,15,809,12,77,53,9
12685,1,1204,82,13,78,9
13437,20,963,83,93,18,8
13694,2,279,71,95,71,7
10189,20,879,13,46,66,4
12416,19,150,14,56,46,2
10988,0,1078,45,72,170,9
10389,2,235,25,70,149,7
12267,2,293,35,27,59,1
13155,17,940,72,41,115,7
13282,20,709,02,20,166,6
12925,11,232,87,36,146,9
14105,16,526,7,34,121,3
11993,4,329,64,70,62,5
10010,13,409,89,48,147,1
13219,16,76,3,76,142,7
14299,6,962,86,79,178,10
14205,4,546,87,36,35,4
14473,4,877,21,64,116,8
13633,15,1234,06,4,113,3
11744,19,1003,3,74,160,2
11657,15,701,76,10,57,9
10440,4,722,8,49,182,7
14762,3,162,81,14,42,5
12104,0,985,31,8,149,4
13923,20,656,56,56,126,2
11915,6,1042,63,45,195,9
13849,12,1051,35,83,25,7
11505,20,735,87,62,48,1
14462,10,1174,79,33,71,10
10964,3,751,07,74,109,2
13617,4,1145,48,40,172,5
14800,0,381,99,70,44,6
14342,4,611,25,100,50,3
14364,1,543,09,95,111,3
10885,5,727,68,75,111,5
14911,19,751,8,89,98,9
10888,3,565,35,31,57,4
11166,13,599,4,53,192,2
12695,4,250,44,98,191,10
14735,7,404,22,4,116,2
13799,6,1205,77,42,15,7
14465,20,363,12,88,187,1
11631,4,103,49,65,86,2
12457,8,1188,75,45,5,8
12793,2,1135,23,93,64,9
14395,13,1052,54,78,188,4
10590,14,408,77,39,49,2
12686,0,443,44,57,154,2
13079,9,490,64,46,92,3
12406,3,560,1,50,160,9
12716,4,1035,02,55,98,3
13917,2,875,18,45,177,5
14587,8,524,07,59,138,7
12124,10,957,61,68,143,9
12547,7,615,39,54,35,3
11175,3,161,23,3,120,1
12266,17,743,78,65,97,3
12473,11,466,68,76,49,6
13510,17,308,58,26,60,5
10454,6,425,02,1,103,8
13525,5,917,44,93,120,6
11724,7,547,86,42,162,1
13109,19,721,74,37,31,2
13395,14,352,44,28,79,2
13684,2,923,89,48,69,9
14135,13,947,58,13,120,5
10420,15,647,5,74,73,2
13448,1,333,07,25,139,7
14934,9,618,91,10,49,4
13346,14,1024,8,20,174,6
11579,17,1098,06,55,46,7
14871,13,1161,75,91,120,10
13113,10,454,7,72,22,5
12454,0,505,18,65,0,3
14081,15,780,6,10,33,1
13757,11,1235,88,97,177,8
13574,20,526,32,8,85,10
12816,4,377,98,98,135,8
10862,8,942,16,30,118,6
10139,4,745,01,25,65,4
11711,14,422,48,58,91,10
12181,9,514,76,99,199,10
12255,2,1166,15,43,4,6
12536,0,556,08,20,18,5
12567,6,1174,36,13,34,7
11837,3,702,16,8,103,2
13823,9,56,95,30,30,5
10374,1,200,4,32,186,3
13719,20,1099,03,34,75,7
12014,8,51,48,64,60,10
13918,2,320,31,61,79,4
12654,18,70,78,80,57,6
11115,13,1109,82,79,172,9
14185,11,555,83,6,175,6
10578,16,16,64,81,183,1
14476,15,567,02,58,176,8
12232,4,586,42,45,116,4
12597,9,941,53,52,145,9
14069,7,1049,52,18,6,10
10831,19,763,91,86,15,5
12391,13,787,47,53,6,3
13498,18,1114,05,70,151,10
11164,9,387,61,92,197,4
12557,19,126,06,91,53,10
12268,17,227,95,66,142,10
10964,17,271,13,44,47,6
13142,6,485,64,28,6,7
13889,9,792,44,25,112,8
13550,6,1055,65,70,24,2
10891,2,382,09,76,4,10
10414,6,175,03,21,159,8
13633,16,550,92,30,155,8
13944,9,108,24,6,149,10
10822,11,403,67,30,180,4
10141,14,919,87,85,32,3
11674,18,991,75,21,97,8
14289,12,95,78,60,89,5
14481,6,274,97,63,27,4
10343,15,560,5,91,112,3
13906,12,78,93,76,152,6
11582,1,414,35,56,157,2
12802,5,87,02,59,168,8
10817,8,481,68,48,173,9
12802,8,379,61,14,184,3
12595,9,76,3,62,87,8
10733,8,83,65,6,65,4
10176,7,1141,96,7,7,1
10640,16,155,2,200,9
14793,10,1124,87,32,160,5
12731,5,762,16,80,28,3
14850,5,475,52,83,185,4
12889,16,1181,55,6,200,10
10390,3,161,93,7,190,7
12798,14,659,35,86,98,5
10105,6,23,47,50,188,7
10550,18,298,35,84,187,9
14473,20,985,76,76,184,8
11833,13,944,88,4,197,3
13878,17,1101,27,43,160,1
12123,6,550,91,78,190,4
12865,4,363,31,47,7,8
13960,9,924,91,91,171,4
14549,16,1200,46,87,100,2
10501,9,294,08,4,13,2
11097,18,727,23,17,168,6
11342,0,395,4,12,191,2
13732,13,443,85,62,72,4
10567,2,120,44,36,108,7
10066,13,863,17,14,62,3
11211,4,1147,15,35,176,8
12298,0,1129,27,86,84,5
12224,1,212,09,75,126,7
11939,16,29,86,22,122,7
14285,1,707,18,52,37,6
13587,0,12,78,156,7
12096,3,894,29,78,46,1
11714,15,722,22,72,192,9
10142,16,329,66,94,0,4
13321,16,1199,43,65,71,7
13478,4,1174,64,52,1,7
13863,12,1230,47,38,185,6
14145,4,335,19,57,102,9
14479,7,1025,67,91,13,10
14027,17,315,97,6,118,3
11343,6,223,24,44,78,8
13596,19,295,27,73,19,7
14833,2,81,47,52,20,9
12273,13,612,07,46,8,6
12142,20,1009,71,15,161,10
11293,11,428,54,61,178,10
12528,8,1043,55,92,112,8
11156,10,761,39,43,8,6
13041,17,141,70,63,3
10680,10,1102,98,7,94,2
14846,12,1183,57,82,113,8
11057,2,650,95,76,27,4
12829,5,167,64,23,58,9
13561,11,90,48,90,142,1
10270,20,977,19,81,4
12023,2,555,11,18,106,7
14815,9,711,82,63,8,7
11830,10,627,3,71,40,9
10259,11,97,29,36,98,1
10382,7,1244,95,94,110,5
13710,9,101,22,9,161,8
10368,8,286,28,63,96,9
12448,13,894,61,20,192,2
11367,13,886,39,39,138,5
12747,13,364,58,18,110,8
14763,4,223,17,35,150,9
12824,5,587,21,32,34,10
10556,2,164,66,11,182,4
10563,0,580,92,24,137,4
12011,0,660,01,91,166,8
14068,20,391,71,79,127,10
10579,1,1092,1,97,192,9
14552,18,489,23,9,112,8
14793,14,183,57,73,115,5
11084,12,539,2,28,83,2
12228,15,295,89,100,98,2
13269,8,339,33,60,111,1
11654,20,1179,89,83,19,6
11236,6,822,52,37,100,6
13437,18,364,68,6,59,4
14335,10,1058,75,89,159,1
14488,7,304,67,65,28,10
11816,1,1115,3,70,26,3
14777,3,933,59,25,189,6
14090,16,780,29,6,174,1
10203,1,170,59,31,59,4
11811,11,816,69,96,76,10
11881,0,274,5,42,171,7
12640,1,387,54,20,105,3
13302,20,629,16,72,169,7
13065,17,1096,05,72,52,2
13884,17,958,05,16,167,10
10129,19,560,79,61,154,3
14063,3,907,64,134,3
14402,15,331,66,76,10,3
13884,8,667,65,89,134,8
13640,12,39,98,45,77,5
10472,9,236,32,47,143,7
14560,4,1055,95,66,172,8
14667,3,1236,88,72,186,9
13105,14,1157,92,70,100,8
13068,1,1072,66,82,23,9
10222,0,1209,46,82,85,2
11928,18,1169,78,66,79,7
11216,8,234,56,14,114,2
10595,5,460,81,63,199,1
13000,8,416,37,1,107,3
11264,3,977,45,3,176,10
14158,7,646,1,30,194,5
14067,12,55,19,26,85,2
11930,1,803,65,24,198,5
12197,12,1038,93,23,90,10
10832,6,646,56,84,1
11347,2,998,73,47,141,8
14389,17,505,1,95,94,4
12648,9,1038,88,90,149,2
11929,13,752,62,71,29,8
13168,11,731,14,68,68,2
14266,3,1117,86,83,56,3
14969,6,249,26,72,5,5
15000,14,759,4,72,35,2
10427,14,709,31,32,98,5
11797,15,730,08,32,100,10
11395,20,70,98,11,114,8
11066,12,234,28,96,156,8
13233,7,433,36,55,120,10
13132,2,462,26,22,107,6
10476,12,992,82,45,144,8
11877,2,400,5,37,184,9
12203,3,1183,57,62,144,8
11725,14,171,91,54,64,4
14119,17,1036,34,8,130,4
14325,5,936,66,91,157,1
13963,0,1087,89,34,118,6
12589,13,614,47,25,39,8
13170,5,690,09,93,24,8
12625,5,778,33,26,74,2
10724,20,411,49,93,69,2
11588,9,939,43,9,12,8
14006,16,1206,15,25,132,7
10032,11,302,6,64,97,1
12461,11,760,98,55,161,4
12295,8,529,95,17,2,2
14867,1,235,4,80,156,9
14945,9,596,9,22,164,1
11922,16,191,13,75,112,8
10984,9,1230,82,127,3
13593,5,570,23,72,59,8
13921,20,679,09,23,97,5
11611,9,167,06,72,53,8
11832,14,136,15,33,90,1
11069,11,920,03,90,137,1
14210,17,451,82,84,52,10
12363,13,917,96,15,64,3
11190,15,214,15,95,167,8
13379,12,1194,62,34,47,6
14899,1,1220,5,18,71,8
13284,5,313,33,85,143,10
10244,8,550,44,46,67,6
10546,9,875,15,29,176,9
10820,4,301,42,10,4,5
14131,19,612,07,11,90,1
11250,3,1188,93,99,24,10
13561,4,328,56,10,113,3
12253,15,227,08,15,60,3
13082,3,173,61,21,116,2
12829,14,318,42,86,198,4
12739,3,179,95,92,68,1
13291,17,1059,53,26,10
10463,3,121,26,83,163,1
11228,6,274,95,41,200,9
10254,17,19,71,53,142,8
14724,10,1013,92,21,8,2
13617,4,192,84,82,109,10
12596,6,685,6,17,100,4
14301,13,515,35,76,28,6
12799,19,102,11,94,177,3
14862,12,392,36,93,167,7
12766,12,915,32,23,62,10
14106,13,550,77,11,47,4
14668,18,183,94,14,163,7
14339,9,444,69,54,52,4
13822,10,217,98,18,105,10
12723,3,205,2,11,140,1
12249,5,652,31,68,186,7
10233,14,1088,29,75,58,1
11709,16,1049,29,33,195,9
10714,17,782,62,39,33,8
11167,5,127,53,59,153,1
14287,7,685,2,53,41,5
10523,15,611,13,31,173,2
10553,17,578,26,89,131,3
13267,0,140,34,94,21,7
14891,0,1028,39,7,129,4
12736,10,21,24,11,78,2
12933,13,987,2,15,153,3
13589,8,421,45,85,71,9
10686,6,914,92,96,183,9
13473,12,58,87,47,68,7
13551,4,356,57,21,117,8
12585,19,914,58,29,100,9
11056,10,521,17,33,68,8
10303,7,295,99,52,71,2
10368,11,1134,18,45,72,5
13180,19,688,55,60,140,9
14638,10,280,23,47,170,8
11918,19,635,29,84,53,6
12359,12,767,72,75,59,6
13105,14,1165,16,25,68,9
11419,7,656,57,52,52,2
13748,14,883,68,57,85,2
11882,5,192,71,50,74,7
13522,8,373,26,80,28,6
11971,13,677,29,37,188,8
13368,7,1148,59,21,184,9
13652,19,813,03,2,158,5
10374,10,724,97,50,41,3
13637,9,1047,63,96,49,4
10501,6,454,05,15,192,7
12957,4,609,3,86,46,9
11402,5,222,29,57,10,3
14149,9,450,57,94,95,2
10095,13,215,19,96,46,5
14941,2,18,5,29,18,8
13196,3,1166,46,18,27,7
10734,7,648,79,38,48,7
10030,18,525,96,84,37,5
10991,4,414,03,15,119,9
10778,20,753,18,1,41,2
11586,16,1178,44,59,29,5
12491,8,116,7,64,92,3
11646,18,63,61,33,121,7
13842,11,690,1,88,101,1
11711,15,844,23,55,158,5
13263,7,46,16,4,186,8
11166,19,532,74,31,46,6
11524,14,881,9,53,30,2
13304,11,555,22,81,101,1
14341,7,266,56,70,125,6
13321,6,1036,45,76,29,3
11788,3,814,84,42,149,1
14113,4,593,91,89,9,3
13797,13,138,09,20,1,1
10806,14,488,56,46,121,3
11556,0,625,96,43,13,6
13058,11,700,31,19,168,5
12508,16,294,31,62,125,2
12555,8,1129,58,72,85,2
10966,4,1019,26,86,97,2
12385,8,644,79,62,48,7
10098,16,30,68,37,117,10
14068,6,1212,81,83,175,6
12541,20,711,96,53,184,3
10921,8,1197,86,36,175,6
14782,2,12,03,18,110,9
13970,11,635,55,95,126,9
12878,8,729,12,12,98,5
13192,13,1245,44,13,23,1
13046,12,840,81,87,57,1
13473,0,392,86,67,164,8
10238,4,20,29,55,110,10
12925,9,785,15,42,189,10
11554,0,23,4,5,89,2
10074,4,446,15,71,36,10
14717,10,1116,95,57,59,8
10318,2,750,4,22,6,9
10769,20,924,36,62,92,6
11899,15,1233,33,75,19,7
12424,4,914,78,53,94,9
12454,15,1242,89,34,166,4
10196,4,151,9,81,80,1
11129,20,546,36,29,69,4
12363,3,216,83,40,23,5
10199,2,780,78,80,11,7
12924,7,1015,86,8,63,9
12483,12,832,85,77,200,1
14158,18,139,02,69,184,1
10083,1,791,36,22,14,5
10650,5,838,87,80,155,10
14213,3,695,57,73,121,9
10799,5,584,65,73,37,5
10388,3,989,94,7,73,1